experiment,channel,window_index,sampling_rate_hz,raw_bytes,compressed_bytes,reduction_percent,reconstruction_exact,rice_parameters,selected_mode
Experiment A (Native 1000Hz),Lead I (LA-RA),0,1000.0,3000,781,73.97,True,"4,4,3,4,4,3,3,4,4,3,4,5,4,4,4,4,4,3,4,4,4,3,4,4,4,4,4,3,4,4,4,3","0,0,0,0,0,0,0,1,1,1,1,0,0,1,1,1,0,0,0,0,0,0,1,0,1,1,1,1,1,1,1,1"
Experiment A (Native 1000Hz),Lead I (LA-RA),1,1000.0,3000,789,73.7,True,"4,4,4,4,4,5,5,4,4,4,4,4,4,4,4,4,4,4,4,4,4,4,3,3,4,3,3,3,3,3,6,0","1,1,1,1,1,0,0,1,1,0,0,1,0,0,0,0,1,1,1,1,1,1,1,1,1,0,1,1,1,1,0,1"
Experiment A (Native 1000Hz),Lead I (LA-RA),2,1000.0,3000,781,73.97,True,"5,3,4,4,4,4,4,4,4,4,4,4,4,3,3,3,3,4,4,4,3,4,3,4,5,5,4,4,4,4,4,4","1,0,1,0,1,1,0,0,1,0,1,0,0,0,1,0,0,0,0,0,0,1,1,0,0,0,1,1,0,1,1,1"
Experiment A (Native 1000Hz),Lead I (LA-RA),3,1000.0,3000,787,73.77,True,"4,4,4,4,4,4,4,4,4,3,4,4,4,4,4,4,3,4,5,5,4,4,4,4,4,4,4,4,3,3,3,4","0,0,1,1,1,0,1,0,1,1,1,1,1,0,0,1,1,1,0,0,1,1,1,1,1,0,0,0,1,0,0,0"
Experiment A (Native 1000Hz),Lead I (LA-RA),4,1000.0,3000,766,74.47,True,"4,3,3,3,3,3,3,3,3,4,3,3,5,5,4,4,4,4,4,4,4,4,4,4,4,3,4,4,4,3,4,3","1,1,1,1,1,1,1,1,1,1,1,1,0,0,1,1,1,0,0,0,0,0,0,0,1,1,1,1,1,1,1,1"
Experiment A (Native 1000Hz),Lead I (LA-RA),5,1000.0,3000,776,74.13,True,"4,4,4,4,3,4,5,4,4,4,4,4,4,4,4,4,4,4,4,4,3,3,3,4,4,4,4,3,3,4,3,3","1,1,1,1,1,1,0,0,0,1,0,0,1,1,0,1,1,1,0,1,1,1,0,0,0,0,0,0,1,1,1,0"
Experiment A (Native 1000Hz),Lead I (LA-RA),6,1000.0,3000,796,73.47,True,"6,6,4,3,4,3,3,4,4,4,3,4,4,4,3,4,3,4,4,4,4,4,4,4,4,4,5,4,3,4,4,2","0,0,1,1,0,1,1,1,0,1,1,1,1,1,1,1,1,0,0,0,0,0,1,1,1,0,0,0,1,1,1,1"
Experiment A (Native 1000Hz),Lead I (LA-RA),7,1000.0,3000,790,73.67,True,"4,4,4,4,4,4,4,4,4,3,4,4,4,4,3,3,4,4,4,4,5,5,4,4,4,4,4,4,4,4,3,2","0,0,0,0,0,0,1,0,1,1,1,1,1,1,1,0,1,1,1,1,0,0,1,1,1,1,1,0,0,1,1,1"
Experiment A (Native 1000Hz),Lead I (LA-RA),8,1000.0,3000,758,74.73,True,"3,4,3,3,3,3,3,3,2,4,4,4,4,4,4,4,4,4,4,4,4,4,4,4,4,3,4,3,3,3,4,3","1,1,1,1,1,1,1,1,1,1,1,1,1,1,0,0,0,0,0,1,1,0,0,1,0,0,0,0,0,0,0,1"
Experiment A (Native 1000Hz),Lead I (LA-RA),9,1000.0,3000,777,74.1,True,"4,4,4,4,4,4,4,4,5,5,4,3,4,4,4,4,4,4,4,4,4,3,4,4,3,3,3,3,4,3,3,4","0,0,1,0,1,1,1,1,0,0,0,1,1,1,1,1,0,1,1,1,1,1,1,1,0,1,0,1,0,1,1,1"
Experiment A (Native 1000Hz),Lead I (LA-RA),10,1000.0,3000,802,73.27,True,"4,3,6,6,3,3,3,4,4,4,4,4,4,3,4,4,3,4,3,4,4,4,4,4,4,4,4,4,5,4,4,2","1,1,0,1,1,1,0,1,0,1,0,0,0,1,1,0,1,1,1,1,1,1,1,0,1,1,1,0,0,0,0,1"
Experiment A (Native 1000Hz),Lead I (LA-RA),11,1000.0,3000,789,73.7,True,"4,4,4,4,4,4,4,4,4,4,3,4,3,4,3,4,4,4,3,4,4,4,4,6,5,3,3,4,4,3,3,3","1,0,0,1,0,0,0,1,1,1,1,1,1,1,1,1,1,0,1,1,1,1,0,0,0,0,0,0,0,1,1,1"
Experiment A (Native 1000Hz),Lead I (LA-RA),12,1000.0,3000,778,74.07,True,"4,3,3,3,3,3,3,3,4,3,4,3,4,4,4,4,4,4,5,4,4,4,4,4,4,4,4,4,4,4,4,4","1,1,1,1,1,1,1,1,0,1,1,0,0,0,0,1,1,0,0,0,1,1,1,0,0,0,0,0,1,0,0,0"
Experiment A (Native 1000Hz),Lead I (LA-RA),13,1000.0,3000,766,74.47,True,"4,4,4,3,4,3,4,4,4,4,4,4,4,5,4,4,4,4,4,4,4,4,3,3,3,4,3,3,4,3,3,3","1,1,1,1,1,1,1,1,1,1,1,1,0,0,0,1,1,0,0,0,0,0,1,0,1,1,1,1,1,1,1,0"
Experiment A (Native 1000Hz),Lead I (LA-RA),14,1000.0,3000,785,73.83,True,"3,2,4,3,3,4,4,6,6,4,3,4,4,4,3,4,4,4,4,4,4,4,4,3,3,3,4,3,3,4,4,4","1,1,1,1,1,1,1,1,0,0,1,1,1,1,1,0,1,1,1,1,1,1,1,1,0,1,0,1,0,0,1,1"
Experiment A (Native 1000Hz),Lead I (LA-RA),15,1000.0,3000,797,73.43,True,"4,4,5,5,4,4,4,4,4,4,4,4,4,3,4,3,4,4,4,4,4,3,2,3,4,3,3,3,6,6,4,3","1,1,0,0,0,1,1,1,0,0,0,0,0,1,0,0,1,1,1,1,1,1,1,0,0,1,1,1,0,0,1,1"
Experiment A (Native 1000Hz),Lead I (LA-RA),16,1000.0,3000,794,73.53,True,"4,3,4,4,4,4,4,4,3,4,4,4,4,3,4,3,4,4,4,4,4,4,4,6,6,4,4,4,4,3,4,4","1,0,0,0,0,0,0,1,1,1,0,1,1,1,0,1,1,1,0,1,1,1,1,0,0,1,0,0,1,1,1,0"
Experiment A (Native 1000Hz),Lead I (LA-RA),17,1000.0,3000,783,73.9,True,"4,4,3,4,4,4,4,4,3,4,4,4,3,4,3,4,4,5,6,4,3,3,3,4,3,4,4,4,3,3,3,4","0,1,1,1,0,1,0,1,0,0,0,0,0,0,1,1,1,0,0,0,1,1,1,1,1,1,0,1,1,0,0,0"
Experiment A (Native 1000Hz),Lead I (LA-RA),18,1000.0,3000,777,74.1,True,"4,4,3,4,3,4,4,4,4,4,4,4,4,5,4,3,4,3,4,3,4,4,3,4,4,4,4,3,4,4,4,2","1,1,1,1,1,1,1,1,1,1,1,1,0,0,0,1,1,0,0,0,0,0,1,1,1,0,1,1,1,1,1,1"
Experiment A (Native 1000Hz),Lead I (LA-RA),19,1000.0,3000,766,74.47,True,"4,4,4,4,4,3,4,6,5,4,4,4,4,4,3,4,4,4,4,3,3,2,3,2,3,3,3,3,4,4,4,4","1,1,1,1,1,1,1,1,0,1,1,1,1,1,1,1,1,1,1,1,1,1,1,1,1,0,1,1,0,0,1,0"
Experiment A (Native 1000Hz),Lead I (LA-RA),20,1000.0,3000,793,73.57,True,"4,4,5,4,4,4,4,4,4,4,4,4,4,4,4,4,4,3,4,4,4,3,4,4,4,4,4,4,5,5,4,3","1,1,0,0,1,1,1,1,0,1,0,0,0,0,1,0,1,1,1,1,1,1,1,1,1,1,1,1,0,0,1,1"
Experiment A (Native 1000Hz),Lead I (LA-RA),21,1000.0,3000,778,74.07,True,"4,4,4,4,4,4,4,4,4,4,4,3,3,3,3,3,3,3,3,3,4,3,3,6,6,4,4,4,4,4,4,3","0,0,0,1,0,0,0,0,1,1,0,1,1,1,1,1,1,1,1,1,1,1,1,1,0,1,1,0,1,1,1,0"
Experiment A (Native 1000Hz),Lead I (LA-RA),22,1000.0,3000,781,73.97,True,"4,4,4,4,4,4,3,4,4,4,3,4,4,4,4,4,3,4,5,5,4,4,4,4,4,4,4,4,4,4,4,3","0,1,1,1,1,0,1,1,0,0,0,1,0,0,0,1,1,1,0,0,0,1,1,1,1,0,0,0,0,0,0,1"
Experiment A (Native 1000Hz),Lead I (LA-RA),23,1000.0,3000,776,74.13,True,"4,4,3,4,3,4,4,3,3,4,3,3,3,6,6,4,3,3,4,4,3,4,4,4,4,4,3,3,3,3,3,4","1,1,1,1,1,1,1,1,1,1,0,1,1,0,0,1,1,1,0,0,1,0,1,0,0,0,1,1,1,1,0,0"
Experiment A (Native 1000Hz),Lead I (LA-RA),24,1000.0,3000,785,73.83,True,"4,4,4,4,3,4,4,4,5,5,4,4,4,4,4,4,4,4,4,4,4,4,3,4,3,4,4,4,3,4,4,4","1,1,1,1,1,1,1,1,0,0,1,1,0,1,1,1,0,1,1,1,0,1,1,0,0,0,0,0,0,0,1,1"
Experiment A (Native 1000Hz),Lead I (LA-RA),25,1000.0,3000,779,74.03,True,"4,4,4,5,4,3,3,3,4,3,4,4,3,3,3,4,3,3,4,4,4,4,4,3,4,4,4,4,4,5,4,4","1,1,0,0,1,1,1,1,0,0,0,0,0,1,0,0,1,1,1,1,1,1,1,1,1,1,1,1,0,0,0,1"
Experiment A (Native 1000Hz),Lead I (LA-RA),26,1000.0,3000,790,73.67,True,"3,4,4,4,4,4,4,4,3,4,4,4,4,3,4,4,4,4,4,4,4,4,4,5,5,4,4,4,4,4,4,5","0,0,1,0,1,0,0,1,1,0,0,0,0,0,0,0,1,1,0,1,1,1,1,1,0,0,1,1,0,1,1,0"
Experiment A (Native 1000Hz),Lead I (LA-RA),27,1000.0,3000,760,74.67,True,"4,4,3,3,3,3,3,3,3,2,3,3,4,4,4,4,3,4,4,5,4,4,4,4,4,4,4,4,4,3,3,4","0,0,1,1,1,1,1,1,1,1,0,1,0,0,0,1,1,1,0,0,1,1,1,1,0,1,0,1,1,0,1,0"
Experiment A (Native 1000Hz),Lead I (LA-RA),28,1000.0,3000,775,74.17,True,"4,4,4,4,4,4,4,4,4,4,4,4,4,4,5,4,4,4,4,4,4,4,4,4,4,4,3,4,3,3,2,2","1,1,1,1,1,1,1,1,1,0,1,1,1,0,0,1,0,0,0,0,0,0,0,1,1,0,1,0,1,1,1,1"
Experiment A (Native 1000Hz),Lead I (LA-RA),29,1000.0,3000,777,74.1,True,"3,3,4,3,3,3,4,3,6,5,4,4,4,4,4,4,4,4,4,4,3,4,4,3,3,4,4,4,4,3,4,3","0,1,0,0,0,1,1,1,0,0,0,1,1,1,1,1,0,1,1,1,1,1,1,1,0,0,0,1,1,0,0,0"
Experiment A (Native 1000Hz),Lead I (LA-RA),30,1000.0,3000,790,73.67,True,"4,3,4,5,5,4,4,4,4,4,4,4,4,4,4,4,4,4,4,4,4,4,4,4,3,3,3,3,3,6,6,3","1,1,1,0,0,1,1,1,0,0,0,0,0,1,0,0,1,1,1,1,1,1,1,1,1,0,1,1,1,0,0,0"
Experiment A (Native 1000Hz),Lead I (LA-RA),31,1000.0,3000,786,73.8,True,"3,3,3,4,4,4,4,4,4,3,4,4,3,4,4,4,4,4,4,4,4,4,3,4,5,4,4,4,4,4,4,4","0,0,1,1,1,1,0,0,0,0,0,0,0,0,0,1,0,1,1,0,1,1,1,1,0,0,1,1,0,1,1,1"
Experiment A (Native 1000Hz),Lead I (LA-RA),32,1000.0,3000,768,74.4,True,"4,4,4,3,3,4,4,3,3,4,3,4,4,3,4,4,3,4,4,7,4,3,3,3,4,3,3,4,3,3,3,0","0,0,1,1,1,1,0,1,0,0,0,0,0,0,0,1,1,1,0,0,0,1,1,1,1,0,0,0,1,0,1,0"
Experiment A (Native 1000Hz),Lead I (LA-RA),33,1000.0,3000,769,74.37,True,"3,3,3,4,4,3,4,3,4,4,4,4,4,4,5,4,4,4,4,4,3,4,4,4,4,4,4,4,3,3,3,2","1,1,1,1,1,1,1,1,1,1,1,1,1,0,0,0,0,0,0,1,0,0,0,1,0,0,0,0,0,0,0,1"
Experiment A (Native 1000Hz),Lead I (LA-RA),34,1000.0,3000,769,74.37,True,"4,4,4,4,4,4,4,4,5,5,4,4,4,5,4,3,4,4,3,3,3,3,2,4,3,3,3,3,3,4,4,4","0,0,0,0,0,1,0,1,0,0,1,1,1,0,1,1,0,1,1,1,1,1,1,1,1,1,1,1,1,0,0,0"
Experiment A (Native 1000Hz),Lead I (LA-RA),35,1000.0,3000,782,73.93,True,"4,3,3,4,4,4,4,4,4,4,4,4,4,4,4,4,4,3,4,4,4,4,3,3,4,4,4,4,4,5,5,4","1,1,1,0,0,0,1,1,0,1,1,0,0,0,0,0,1,1,1,1,1,1,1,1,1,1,1,1,1,0,0,0"
Experiment A (Native 1000Hz),Lead I (LA-RA),36,1000.0,3000,765,74.5,True,"4,4,3,4,4,4,4,4,4,3,3,3,3,3,3,3,3,3,3,3,3,3,3,3,6,5,4,4,4,4,4,3","0,0,0,1,1,1,0,1,1,0,0,1,1,1,1,1,0,0,0,0,0,1,1,1,0,0,1,1,0,1,1,1"
Experiment A (Native 1000Hz),Lead I (LA-RA),37,1000.0,3000,784,73.87,True,"4,4,4,4,4,4,4,4,3,4,4,3,4,4,4,4,4,4,3,5,5,4,4,4,4,4,4,4,4,4,4,4","1,0,1,0,0,0,0,0,1,0,1,0,1,0,0,0,1,1,1,0,0,0,1,1,0,0,1,0,0,0,0,0"
Experiment A (Native 1000Hz),Lead I (LA-RA),38,1000.0,3000,779,74.03,True,"4,4,4,3,4,4,4,4,4,3,4,4,3,4,6,5,3,3,3,4,3,4,4,4,4,4,4,4,4,4,4,4","1,1,1,1,1,1,1,1,1,1,1,1,1,1,0,0,0,0,0,1,1,0,0,1,1,0,0,0,0,0,1,0"
Experiment A (Native 1000Hz),Lead I (LA-RA),39,1000.0,3000,776,74.13,True,"3,4,4,4,3,4,4,3,4,5,5,4,4,4,4,4,4,4,4,4,4,4,3,3,4,4,4,3,4,4,3,3","0,0,0,0,0,0,1,0,1,0,0,1,1,1,1,1,1,0,1,0,1,0,0,0,1,1,1,1,1,0,0,0"
Experiment A (Native 1000Hz),Lead I (LA-RA),40,1000.0,3000,790,73.67,True,"4,3,4,5,6,4,3,3,3,4,4,4,4,3,4,4,4,3,3,4,4,3,3,4,4,4,4,4,4,4,5,4","1,1,1,0,0,1,1,1,1,0,0,0,0,0,0,1,1,1,1,1,1,1,1,1,1,1,1,1,1,0,0,0"
Experiment A (Native 1000Hz),Lead I (LA-RA),41,1000.0,3000,784,73.87,True,"4,4,4,4,4,4,4,4,4,4,3,4,4,3,3,4,4,4,4,4,4,4,4,4,5,5,4,4,4,4,4,4","0,1,1,0,0,1,0,0,0,0,0,0,0,0,0,0,0,0,0,0,0,1,1,0,0,0,1,1,1,1,1,1"
Experiment A (Native 1000Hz),Lead I (LA-RA),42,1000.0,3000,758,74.73,True,"3,4,5,3,2,3,3,3,3,3,3,3,4,4,4,3,4,4,4,5,5,4,4,4,4,4,4,4,4,4,4,4","1,0,1,1,1,0,0,0,1,0,0,1,0,0,0,0,1,1,1,0,0,1,1,1,0,0,1,0,0,0,1,0"
Experiment A (Native 1000Hz),Lead I (LA-RA),43,1000.0,3000,769,74.37,True,"4,4,3,3,4,4,4,4,4,4,4,4,3,4,5,4,4,4,4,4,4,4,4,4,3,3,3,3,3,3,3,4","1,1,1,1,1,1,1,1,1,1,1,1,1,1,0,0,1,1,0,1,1,0,0,1,1,1,1,1,0,0,1,0"
Experiment A (Native 1000Hz),Lead I (LA-RA),44,1000.0,3000,769,74.37,True,"3,3,3,4,3,3,3,4,4,5,4,4,4,4,4,4,4,4,4,4,4,4,3,3,4,4,4,4,3,4,3,4","0,0,1,0,0,1,1,0,1,0,0,1,1,0,1,1,0,0,0,0,1,0,0,0,1,1,1,1,1,1,0,1"
Experiment A (Native 1000Hz),Lead I (LA-RA),45,1000.0,3000,784,73.87,True,"4,4,3,5,5,4,3,3,4,4,4,4,4,3,4,4,4,4,4,4,3,3,3,3,3,2,4,3,3,4,6,5","1,1,1,0,0,0,1,1,0,1,1,0,0,0,1,0,1,1,1,1,1,1,1,1,1,1,1,1,1,1,0,0"
Experiment A (Native 1000Hz),Lead I (LA-RA),46,1000.0,3000,773,74.23,True,"4,3,3,3,4,4,4,4,4,3,4,4,4,4,3,4,3,3,4,4,3,4,4,3,4,5,4,4,4,4,4,4","0,1,0,1,1,1,1,0,1,1,0,0,0,0,1,0,0,0,0,0,0,1,0,1,1,0,0,1,1,1,0,0"
Experiment A (Native 1000Hz),Lead I (LA-RA),47,1000.0,3000,788,73.73,True,"4,4,4,4,3,4,4,4,4,4,4,4,4,4,3,4,4,4,3,5,6,4,3,3,3,3,4,4,4,3,3,4","1,0,0,0,1,0,0,1,0,0,0,1,1,0,0,0,1,1,1,0,0,1,1,1,0,1,0,0,0,1,0,0"
Experiment A (Native 1000Hz),Lead I (LA-RA),48,1000.0,3000,777,74.1,True,"4,4,4,4,3,3,4,4,4,3,4,4,4,4,5,5,4,4,4,4,4,4,4,4,4,3,4,4,3,3,3,4","1,1,1,1,1,1,1,1,1,1,1,1,1,1,0,0,0,1,0,1,1,1,0,1,1,0,0,0,0,0,0,0"
Experiment A (Native 1000Hz),Lead I (LA-RA),49,1000.0,3000,753,74.9,True,"3,4,4,3,3,3,4,4,3,5,5,4,4,3,4,4,3,4,4,4,3,3,3,3,3,3,3,3,3,3,3,3","0,0,0,0,0,0,1,0,1,0,0,1,1,1,1,1,1,0,0,0,0,0,1,0,1,1,1,1,1,1,0,1"
Experiment A (Native 1000Hz),Lead I (LA-RA),50,1000.0,3000,797,73.43,True,"4,4,4,4,4,5,4,4,4,4,4,4,4,4,4,4,4,4,4,3,4,4,3,4,4,4,4,4,3,4,6,5","1,1,1,1,0,0,1,1,0,0,1,1,0,0,0,1,1,1,1,1,1,1,1,1,1,1,0,1,1,1,0,1"
Experiment A (Native 1000Hz),Lead I (LA-RA),51,1000.0,3000,778,74.07,True,"6,4,4,4,4,4,4,4,4,3,3,3,3,2,3,3,3,3,4,4,4,4,4,3,4,5,4,4,4,3,4,3","1,1,0,1,1,1,0,1,1,1,1,1,1,1,0,1,1,0,0,0,0,0,1,1,1,0,0,0,1,1,1,0"
Experiment A (Native 1000Hz),Lead I (LA-RA),52,1000.0,3000,786,73.8,True,"4,4,4,4,4,4,4,4,4,3,3,4,4,4,3,3,4,4,4,4,5,4,4,4,4,4,4,4,4,4,4,3","0,0,0,0,1,0,0,0,1,1,1,1,1,1,1,0,1,1,1,1,0,0,1,1,0,1,1,0,0,1,0,0"
Experiment A (Native 1000Hz),Lead I (LA-RA),53,1000.0,3000,766,74.47,True,"4,4,3,3,3,4,2,3,3,3,3,3,3,3,4,7,5,3,4,3,4,4,4,4,4,3,3,4,3,4,3,3","1,0,1,1,1,1,1,1,1,1,1,1,1,1,1,0,0,0,1,0,0,0,0,0,1,0,0,0,0,0,0,0"
Experiment A (Native 1000Hz),Lead I (LA-RA),54,1000.0,3000,774,74.2,True,"3,3,3,4,4,4,4,4,4,4,5,4,3,4,3,4,3,4,4,4,4,3,4,4,3,4,4,4,3,3,4,4","0,1,1,1,0,0,1,1,1,0,0,0,1,0,1,1,1,0,0,0,0,0,0,0,1,1,1,1,1,1,1,1"
Experiment A (Native 1000Hz),Lead I (LA-RA),55,1000.0,3000,787,73.77,True,"4,4,4,3,6,6,4,3,3,4,4,3,4,4,3,3,4,3,4,4,4,4,4,4,3,4,3,4,4,3,4,7","1,1,1,1,0,0,0,1,0,1,1,1,0,0,1,0,1,1,0,1,1,1,1,1,1,0,0,1,1,1,1,0"
Experiment A (Native 1000Hz),Lead I (LA-RA),56,1000.0,3000,790,73.67,True,"5,4,4,4,4,4,4,4,4,4,4,4,3,4,3,4,3,4,4,4,4,4,4,4,4,5,5,4,4,4,4,3","0,1,1,1,0,1,1,0,1,1,1,1,1,1,1,1,0,0,1,1,0,0,1,1,1,0,0,1,1,0,1,1"
Experiment A (Native 1000Hz),Lead I (LA-RA),57,1000.0,3000,774,74.2,True,"3,3,4,4,3,4,3,3,3,3,3,3,4,4,4,4,3,4,4,4,5,5,4,4,4,4,4,4,4,4,4,4","0,0,0,0,1,1,1,1,1,1,1,1,1,1,1,0,1,1,1,1,0,0,1,1,0,0,1,1,0,0,1,0"
Experiment A (Native 1000Hz),Lead I (LA-RA),58,1000.0,3000,784,73.87,True,"4,4,4,3,4,3,4,4,4,3,4,4,4,3,4,6,6,4,4,4,4,4,4,4,4,3,3,3,3,3,3,1","1,0,0,0,1,1,1,0,1,1,1,1,1,1,1,1,0,0,1,0,1,1,1,0,1,1,1,1,1,1,1,1"
Experiment A (Native 1000Hz),Lead I (LA-RA),59,1000.0,3000,766,74.47,True,"3,4,3,3,4,4,2,4,4,4,5,4,4,4,4,4,4,4,4,4,4,3,3,3,4,4,4,4,4,3,4,3","1,0,1,1,0,0,1,1,1,1,0,0,1,1,1,1,0,1,0,0,0,1,1,0,1,1,0,1,0,0,0,0"
Experiment A (Native 1000Hz),Lead I (LA-RA),60,1000.0,3000,790,73.67,True,"4,4,4,5,4,4,4,4,4,4,4,4,4,3,4,4,3,4,4,3,4,3,3,4,3,3,4,3,3,6,5,5","1,1,1,0,0,1,1,1,1,0,0,0,1,1,0,0,1,1,1,1,1,1,1,1,1,1,1,1,1,0,0,1"
Experiment A (Native 1000Hz),Lead I (LA-RA),61,1000.0,3000,794,73.53,True,"4,3,4,4,4,3,4,4,4,4,4,3,4,3,4,4,4,4,4,4,4,4,4,4,5,5,4,4,5,4,4,5","0,0,1,0,1,0,1,1,0,0,1,0,0,0,0,0,1,1,0,0,1,1,1,1,0,0,0,1,1,0,1,1"
Experiment A (Native 1000Hz),Lead I (LA-RA),62,1000.0,3000,784,73.87,True,"4,4,4,4,4,4,3,4,4,3,4,4,4,3,4,4,3,3,5,7,5,4,4,3,4,4,4,4,3,4,4,4","0,0,1,1,0,1,0,1,0,0,0,1,0,0,0,0,1,1,0,0,1,1,0,1,1,1,0,1,1,0,0,0"
Experiment A (Native 1000Hz),Lead I (LA-RA),63,1000.0,3000,772,74.27,True,"4,4,3,4,4,4,3,3,4,4,4,4,4,4,5,5,4,4,3,4,4,4,4,4,4,4,4,4,3,3,3,4","1,1,1,1,1,1,1,1,1,1,0,1,1,0,0,0,0,1,0,1,1,0,0,1,0,0,0,0,1,0,0,0"
Experiment A (Native 1000Hz),Lead I (LA-RA),64,1000.0,3000,775,74.17,True,"4,4,4,4,4,4,4,4,5,5,4,4,4,4,4,4,4,4,3,3,3,3,3,4,3,3,4,4,4,4,4,4","0,0,1,0,1,0,1,0,0,0,1,1,0,1,1,1,0,1,1,1,1,1,1,1,1,1,1,1,1,0,0,0"
Experiment A (Native 1000Hz),Lead I (LA-RA),65,1000.0,3000,791,73.63,True,"4,4,4,4,5,4,4,4,4,4,4,4,4,4,4,4,4,4,3,4,3,4,4,4,4,4,4,4,4,5,5,3","1,1,1,0,0,1,1,1,0,0,1,0,0,1,1,0,1,1,1,1,1,1,1,1,1,1,1,1,1,0,0,0"
Experiment A (Native 1000Hz),Lead I (LA-RA),66,1000.0,3000,774,74.2,True,"4,4,4,4,4,4,4,4,3,4,3,3,3,4,3,3,3,4,3,3,3,4,4,4,5,5,4,4,4,4,3,3","0,0,0,1,1,1,0,1,1,0,1,1,1,0,1,0,0,0,0,0,0,1,0,1,0,0,0,1,1,1,1,1"
Experiment A (Native 1000Hz),Lead I (LA-RA),67,1000.0,3000,779,74.03,True,"4,4,4,4,4,4,4,3,3,3,4,4,4,4,3,4,4,4,4,4,5,4,4,4,4,4,3,4,4,4,4,4","1,0,0,1,1,0,0,0,0,0,0,0,0,0,0,0,1,1,1,0,0,1,1,1,0,0,0,0,0,1,1,0"
Experiment A (Native 1000Hz),Lead I (LA-RA),68,1000.0,3000,769,74.37,True,"3,3,3,4,3,3,3,3,3,3,3,4,3,3,6,6,4,3,4,4,4,4,4,4,4,3,4,4,3,3,3,4","1,1,1,1,1,1,1,1,1,0,1,1,1,1,0,0,1,0,0,1,1,1,0,0,1,1,0,0,0,0,0,1"
Experiment A (Native 1000Hz),Lead I (LA-RA),69,1000.0,3000,783,73.9,True,"4,3,4,4,4,4,4,4,4,5,4,4,4,4,4,4,4,4,4,4,4,4,4,4,4,4,4,4,4,4,4,4","0,1,1,0,0,1,1,0,1,0,0,1,1,1,0,1,1,0,0,1,0,0,0,1,1,1,1,1,1,1,1,0"
Experiment A (Native 1000Hz),Lead I (LA-RA),70,1000.0,3000,799,73.37,True,"4,3,3,4,7,5,4,4,4,4,3,4,4,4,3,4,3,4,4,3,4,3,4,4,4,4,4,4,3,4,6,5","1,1,1,1,0,0,0,0,0,1,1,0,0,0,1,0,1,1,1,1,1,1,1,1,1,1,1,1,1,1,0,0"
Experiment A (Native 1000Hz),Lead I (LA-RA),71,1000.0,3000,779,74.03,True,"5,4,4,4,4,4,4,4,4,4,4,3,4,4,4,4,4,4,4,3,4,4,4,3,4,5,4,4,3,3,3,3","0,1,1,0,1,1,1,0,1,0,1,1,0,0,0,0,0,1,1,0,0,1,1,1,0,0,0,1,1,1,0,0"
Experiment A (Native 1000Hz),Lead I (LA-RA),72,1000.0,3000,770,74.33,True,"4,4,4,4,3,3,3,3,2,3,4,3,4,4,4,3,4,4,4,4,5,4,4,3,4,4,4,4,4,4,4,4","1,0,0,0,1,0,0,0,1,1,1,1,1,1,1,0,1,1,1,0,0,0,1,1,0,0,0,0,0,0,1,0"
Experiment A (Native 1000Hz),Lead I (LA-RA),73,1000.0,3000,764,74.53,True,"3,4,3,3,4,3,4,3,3,4,4,4,4,4,4,5,4,4,4,4,4,4,4,4,4,3,4,3,3,3,3,1","1,1,1,1,1,1,1,1,1,1,1,1,1,1,0,0,0,1,0,0,1,0,0,0,1,1,0,1,1,1,0,1"
Experiment A (Native 1000Hz),Lead I (LA-RA),74,1000.0,3000,773,74.23,True,"3,3,3,3,3,4,4,4,4,5,5,4,4,4,4,4,4,4,4,4,4,4,4,4,4,4,3,3,4,4,4,3","1,1,1,1,0,0,1,1,1,0,0,0,1,0,1,1,1,0,0,1,0,0,1,1,1,1,1,1,1,1,1,1"
Experiment A (Native 1000Hz),Lead I (LA-RA),75,1000.0,3000,778,74.07,True,"3,4,4,4,5,5,4,4,4,4,4,4,4,4,4,4,4,4,4,4,3,3,3,3,3,3,4,3,3,3,6,6","1,1,1,1,0,0,0,1,0,0,1,0,0,0,0,0,1,1,1,1,1,1,1,1,1,1,1,1,1,1,1,1"
Experiment A (Native 1000Hz),Lead I (LA-RA),76,1000.0,3000,787,73.77,True,"6,4,4,4,4,4,4,4,4,4,4,4,3,4,4,4,3,4,4,4,4,4,3,4,4,5,5,4,4,4,4,4","0,1,1,0,0,1,1,0,1,1,1,1,1,1,1,1,0,1,1,0,0,0,1,1,1,0,0,0,1,1,1,0"
Experiment A (Native 1000Hz),Lead I (LA-RA),77,1000.0,3000,793,73.57,True,"4,4,4,4,4,3,4,4,4,4,4,4,4,4,4,4,4,4,3,3,6,6,4,4,3,4,3,3,4,4,3,3","1,0,0,0,0,0,0,1,1,1,1,1,1,1,1,0,0,1,1,1,0,0,0,1,1,1,1,1,1,1,0,0"
Experiment A (Native 1000Hz),Lead I (LA-RA),78,1000.0,3000,785,73.83,True,"4,4,4,4,4,4,3,3,4,4,4,4,4,4,4,6,6,4,4,3,4,4,3,4,4,4,3,4,4,3,4,3","1,1,1,1,0,0,1,0,1,1,1,0,1,1,1,1,0,1,1,0,0,1,1,0,1,1,1,1,1,1,1,1"
Experiment A (Native 1000Hz),Lead I (LA-RA),79,1000.0,3000,762,74.6,True,"3,4,4,4,4,4,4,4,4,4,5,5,4,3,3,4,4,4,4,4,3,3,3,2,3,3,3,4,4,4,4,4","1,0,1,0,0,0,0,1,1,1,0,0,1,1,1,0,0,1,0,0,0,0,1,0,1,1,1,1,1,1,1,1"
Experiment A (Native 1000Hz),Lead I (LA-RA),80,1000.0,3000,781,73.97,True,"4,4,4,4,4,5,4,4,4,4,4,4,4,4,4,4,4,4,4,3,4,3,4,3,4,4,4,4,4,4,4,4","1,1,1,1,1,0,0,1,0,1,0,1,1,0,1,1,1,0,0,1,1,1,0,0,1,1,0,0,1,1,1,0"
Experiment A (Native 1000Hz),Lead I (LA-RA),81,1000.0,3000,771,74.3,True,"5,4,3,4,4,4,4,4,4,4,4,3,3,3,4,2,4,3,3,3,3,3,4,4,3,4,5,4,4,4,4,4","0,0,1,1,1,1,1,1,0,1,1,1,1,1,1,1,0,1,1,1,1,0,1,1,1,1,0,0,1,1,1,1"
Experiment A (Native 1000Hz),Lead I (LA-RA),82,1000.0,3000,790,73.67,True,"4,4,3,4,4,4,3,4,3,4,3,3,4,4,4,4,4,4,3,4,4,5,4,4,4,4,4,4,4,4,4,4","0,1,0,0,0,0,0,1,1,1,1,1,1,1,1,1,1,1,1,1,0,0,0,1,0,0,1,1,0,1,0,1"
Experiment A (Native 1000Hz),Lead I (LA-RA),83,1000.0,3000,772,74.27,True,"3,4,4,4,3,3,3,3,3,3,3,4,3,3,3,5,6,4,4,4,4,4,4,4,5,3,4,4,4,4,3,3","1,0,0,0,1,1,1,1,1,1,1,0,1,1,1,1,0,0,0,0,1,1,1,0,1,1,1,1,1,1,1,1"
Experiment A (Native 1000Hz),Lead I (LA-RA),84,1000.0,3000,778,74.07,True,"3,4,3,4,4,4,4,4,4,4,5,5,4,3,4,4,4,4,4,4,4,4,4,3,4,4,4,3,4,4,4,3","1,0,0,1,1,0,0,1,1,1,0,0,0,1,1,1,0,0,0,0,1,1,0,0,1,1,1,1,1,1,1,1"
Experiment A (Native 1000Hz),Lead I (LA-RA),85,1000.0,3000,780,74.0,True,"3,3,3,3,3,6,6,4,3,3,3,4,3,4,4,4,4,4,4,4,3,4,3,4,4,3,4,4,4,4,3,5","0,1,1,1,1,0,0,1,0,0,0,1,1,0,0,1,0,1,0,0,1,1,0,0,0,0,0,1,1,1,0,1"
Experiment A (Native 1000Hz),Lead I (LA-RA),86,1000.0,3000,791,73.63,True,"5,5,4,4,4,4,4,4,4,4,4,4,4,3,4,4,3,4,4,4,4,3,4,4,4,4,5,5,4,3,4,3","0,0,1,1,1,0,1,1,0,1,1,1,0,1,1,0,0,0,1,0,0,0,0,1,1,1,0,0,1,1,1,1"
Experiment A (Native 1000Hz),Lead I (LA-RA),87,1000.0,3000,776,74.13,True,"4,4,3,4,4,3,3,3,3,3,4,3,4,4,4,3,4,4,4,4,4,5,4,4,4,3,4,4,4,4,4,4","0,0,0,0,1,0,0,0,1,1,1,1,1,1,1,1,1,1,1,1,1,0,0,0,0,0,0,1,1,0,0,1"
Experiment A (Native 1000Hz),Lead I (LA-RA),88,1000.0,3000,769,74.37,True,"4,4,4,3,4,4,4,3,4,4,4,4,4,4,4,4,5,4,4,4,4,4,4,4,4,4,3,3,3,3,3,4","1,0,0,1,0,0,0,0,0,1,0,0,1,0,1,0,0,0,1,1,1,0,1,1,0,1,1,1,1,1,1,0"
Experiment A (Native 1000Hz),Lead I (LA-RA),89,1000.0,3000,764,74.53,True,"3,3,3,3,3,4,3,3,4,3,4,5,4,4,4,4,4,4,4,4,4,3,4,4,3,4,4,3,4,3,4,2","1,0,0,1,0,0,0,1,1,1,0,0,0,1,1,1,0,0,0,0,1,1,0,0,1,1,1,1,1,1,1,1"
Experiment A (Native 1000Hz),Lead I (LA-RA),90,1000.0,3000,760,74.67,True,"4,4,4,4,4,4,5,4,4,4,3,4,4,4,4,3,3,3,4,4,3,3,3,3,3,2,4,4,2,4,4,4","1,1,1,1,1,0,0,0,1,0,0,1,1,1,0,1,1,0,0,0,1,1,1,1,0,1,0,0,1,0,0,1"
Experiment A (Native 1000Hz),Lead I (LA-RA),91,1000.0,3000,796,73.47,True,"4,7,4,4,4,4,4,4,4,4,4,4,4,4,4,4,3,3,4,4,4,3,4,4,4,4,4,5,4,4,4,3","1,0,0,1,0,0,1,1,0,0,1,1,0,0,1,0,0,0,0,0,0,1,0,1,1,1,0,0,0,1,1,1"
Experiment A (Native 1000Hz),Lead I (LA-RA),92,1000.0,3000,787,73.77,True,"4,4,4,4,4,4,4,4,4,3,4,4,4,3,4,4,3,3,4,3,3,6,6,4,3,3,4,4,3,4,4,4","0,0,0,0,1,0,0,0,1,1,1,1,1,1,1,1,1,1,0,1,1,0,0,1,1,0,0,1,1,0,1,0"
Experiment A (Native 1000Hz),Lead I (LA-RA),93,1000.0,3000,780,74.0,True,"4,4,4,3,4,3,4,3,4,4,4,3,4,4,4,3,5,5,4,3,4,4,4,4,4,4,4,3,4,3,4,3","1,1,1,0,0,0,0,0,0,1,0,0,0,0,1,0,0,0,0,1,1,1,0,1,0,0,0,1,1,1,1,0"
Experiment A (Native 1000Hz),Lead I (LA-RA),94,1000.0,3000,779,74.03,True,"3,3,4,4,4,4,4,4,3,3,4,6,6,4,4,3,3,4,4,4,4,4,3,3,3,3,3,4,4,4,4,5","0,1,0,0,0,1,0,0,1,1,1,0,1,0,1,1,0,0,1,0,0,1,0,0,1,1,1,1,1,1,1,0"
Experiment A (Native 1000Hz),Lead I (LA-RA),95,1000.0,3000,779,74.03,True,"3,4,4,4,4,4,5,4,4,4,4,4,4,4,4,4,4,4,4,4,3,3,4,3,4,4,3,4,4,4,3,4","1,1,1,0,1,1,0,0,0,0,0,1,1,1,0,0,1,0,0,0,0,0,0,0,0,0,0,0,0,1,1,1"
Experiment A (Native 1000Hz),Lead I (LA-RA),96,1000.0,3000,770,74.33,True,"4,5,4,3,4,4,4,4,3,4,3,3,3,3,2,3,4,3,3,3,3,3,4,4,4,4,4,5,5,4,4,3","0,0,0,1,1,1,0,1,1,0,1,1,1,0,0,1,1,0,1,1,1,1,0,0,0,1,1,0,0,1,1,0"
Experiment A (Native 1000Hz),Lead I (LA-RA),97,1000.0,3000,789,73.7,True,"4,4,4,4,4,4,3,4,4,4,3,4,4,4,4,4,4,4,4,4,3,4,5,4,4,4,4,4,4,4,4,4","0,1,1,0,0,1,0,0,1,1,1,1,1,1,1,1,1,1,1,1,1,1,0,0,1,1,0,1,1,0,1,1"
Experiment A (Native 1000Hz),Lead I (LA-RA),98,1000.0,3000,769,74.37,True,"4,4,4,3,3,3,3,4,3,4,3,3,3,4,3,3,4,6,4,4,4,4,4,4,4,4,4,4,3,4,4,2","1,1,0,0,0,0,1,0,0,0,0,1,0,0,1,1,1,0,0,1,1,1,1,1,0,1,1,1,1,0,1,0"
Experiment A (Native 1000Hz),Lead I (LA-RA),99,1000.0,3000,781,73.97,True,"4,4,4,3,4,4,4,4,4,4,4,4,5,4,4,4,4,4,4,4,4,4,3,4,4,4,4,4,3,4,4,4","1,1,0,1,1,1,0,0,0,1,1,0,0,0,1,1,0,1,1,0,0,0,0,1,1,1,1,1,1,1,1,1"
Experiment A (Native 1000Hz),Lead I (LA-RA),100,1000.0,3000,777,74.1,True,"3,4,3,3,3,4,6,6,4,3,3,4,4,4,4,4,4,3,4,3,4,3,4,3,4,4,4,3,4,4,4,2","1,1,1,1,1,1,0,0,1,0,1,0,0,0,0,0,1,1,1,1,0,0,1,0,0,0,1,0,0,1,1,1"
Experiment A (Native 1000Hz),Lead I (LA-RA),101,1000.0,3000,801,73.3,True,"4,5,5,4,4,4,4,4,4,4,4,4,4,4,4,4,3,4,3,3,3,4,3,4,4,4,4,5,6,4,3,3","1,0,0,0,1,1,0,1,0,0,1,0,0,1,1,0,0,0,0,0,1,0,0,0,1,1,1,0,0,1,1,1"
Experiment A (Native 1000Hz),Lead I (LA-RA),102,1000.0,3000,775,74.17,True,"3,4,4,3,4,4,3,3,3,3,4,4,4,3,4,3,4,3,4,4,4,4,5,5,4,4,4,4,4,4,4,4","0,0,0,0,0,1,0,0,1,1,1,1,1,1,1,1,1,1,1,0,1,1,0,0,0,0,0,0,0,1,0,0"
Experiment A (Native 1000Hz),Lead I (LA-RA),103,1000.0,3000,773,74.23,True,"4,4,4,3,4,4,3,4,4,4,4,3,3,4,3,4,4,5,5,4,4,4,4,4,3,4,4,3,3,3,3,4","1,1,1,1,1,1,1,1,0,0,0,1,0,0,1,1,1,0,0,1,1,1,1,1,0,0,0,1,1,1,1,0"
Experiment A (Native 1000Hz),Lead I (LA-RA),104,1000.0,3000,767,74.43,True,"3,3,3,3,3,3,3,4,3,4,4,4,4,4,4,4,4,4,4,4,4,4,4,4,4,3,3,4,3,4,4,3","1,1,1,1,1,1,1,0,1,1,1,1,0,0,0,1,0,0,1,1,0,1,0,0,1,1,1,1,1,1,1,1"
Experiment A (Native 1000Hz),Lead I (LA-RA),105,1000.0,3000,774,74.2,True,"4,4,4,4,4,3,4,5,5,3,4,4,4,4,4,4,4,4,4,4,4,4,2,3,3,4,2,3,3,3,4,3","1,1,1,1,1,1,1,0,0,0,1,1,0,1,0,0,1,1,1,0,1,1,1,1,0,0,1,1,0,0,1,1"
Experiment A (Native 1000Hz),Lead I (LA-RA),106,1000.0,3000,797,73.43,True,"3,4,7,5,4,4,4,4,4,4,4,4,4,3,4,4,4,4,4,4,4,4,4,4,4,4,4,4,5,4,4,3","1,0,0,0,1,1,1,1,1,0,0,1,1,1,0,1,1,1,1,1,1,1,1,0,1,1,1,1,0,0,1,1"
Experiment A (Native 1000Hz),Lead I (LA-RA),107,1000.0,3000,783,73.9,True,"4,4,4,4,4,4,4,3,4,4,4,4,4,4,4,4,3,3,4,4,3,3,5,6,4,3,4,4,4,4,4,5","1,1,0,1,0,0,0,1,1,0,0,1,1,1,1,1,1,1,1,1,1,1,0,0,1,0,0,0,1,0,0,0"
Experiment A (Native 1000Hz),Lead I (LA-RA),108,1000.0,3000,780,74.0,True,"4,3,3,3,4,4,4,4,4,4,4,3,4,4,4,4,4,4,5,4,4,4,4,4,4,4,4,4,4,3,4,3","1,1,1,1,1,1,1,1,0,0,0,0,0,0,1,1,1,0,0,0,0,1,1,1,0,0,0,0,0,0,0,0"
Experiment A (Native 1000Hz),Lead I (LA-RA),109,1000.0,3000,771,74.3,True,"4,4,3,3,4,4,4,4,4,4,4,4,5,5,4,4,4,3,3,4,4,4,4,3,3,3,3,3,4,3,4,2","1,1,1,1,1,1,1,1,1,1,1,1,0,0,1,1,1,1,1,0,0,0,0,0,1,1,1,1,1,1,1,1"
Experiment A (Native 1000Hz),Lead I (LA-RA),110,1000.0,3000,791,73.63,True,"4,3,3,4,4,3,4,6,5,4,4,4,3,4,4,4,4,4,4,4,4,4,3,4,3,3,4,4,4,4,4,4","1,1,1,1,1,1,1,1,0,0,1,1,0,1,1,0,1,1,1,1,1,1,1,1,0,0,1,0,0,0,1,1"
Experiment A (Native 1000Hz),Lead I (LA-RA),111,1000.0,3000,772,74.27,True,"4,4,5,5,4,4,4,4,4,4,4,3,3,3,3,3,3,3,4,3,3,4,3,3,3,4,3,4,5,5,4,4","1,1,0,0,1,1,1,1,1,0,0,0,0,1,0,1,1,1,1,1,1,1,1,1,1,1,1,1,0,0,1,0"
Experiment A (Native 1000Hz),Lead I (LA-RA),112,1000.0,3000,787,73.77,True,"4,4,4,4,4,4,4,4,4,4,3,4,4,3,3,3,4,3,3,4,4,4,4,6,6,4,4,3,4,4,4,3","0,0,1,1,1,0,0,0,0,0,1,0,1,0,1,0,1,1,1,1,1,1,1,1,0,0,1,1,1,1,1,1"
Experiment A (Native 1000Hz),Lead I (LA-RA),113,1000.0,3000,787,73.77,True,"4,4,3,4,4,4,3,3,4,4,3,4,4,4,3,4,3,4,6,6,4,4,4,4,4,4,4,4,4,4,4,3","0,1,1,1,1,1,1,1,1,0,1,0,1,0,1,1,1,1,0,0,1,1,1,0,1,0,0,0,1,0,0,0"
Experiment A (Native 1000Hz),Lead I (LA-RA),114,1000.0,3000,785,73.83,True,"3,4,4,3,4,4,4,4,4,4,4,4,4,5,5,4,3,4,4,4,4,4,4,3,3,4,4,4,3,3,4,3","1,1,1,1,1,1,1,1,1,1,1,1,1,0,0,1,0,1,1,1,0,0,1,1,1,0,0,0,0,0,0,0"
Experiment A (Native 1000Hz),Lead I (LA-RA),115,1000.0,3000,782,73.93,True,"4,4,4,4,3,4,3,5,6,4,3,3,4,4,4,4,4,4,4,4,4,3,4,4,3,3,4,4,4,4,4,3","1,0,0,0,1,0,1,0,0,0,1,1,1,1,1,1,0,1,1,1,0,1,1,1,0,0,0,0,0,0,1,1"
Experiment A (Native 1000Hz),Lead I (LA-RA),116,1000.0,3000,793,73.57,True,"4,4,4,5,4,4,3,4,4,4,4,4,4,4,4,4,3,4,3,4,4,3,3,4,4,4,4,4,4,5,4,3","1,1,0,0,0,1,1,1,0,0,0,0,0,0,0,0,1,1,1,1,1,1,1,1,1,1,1,1,0,0,1,0"
Experiment A (Native 1000Hz),Lead I (LA-RA),117,1000.0,3000,768,74.4,True,"4,4,3,4,3,4,4,4,3,4,4,3,3,3,3,3,3,4,4,4,4,3,3,5,5,4,4,4,4,4,4,3","0,0,0,1,1,0,0,0,1,1,0,1,1,1,1,1,1,1,1,0,1,1,1,0,0,0,1,1,1,1,1,1"
Experiment A (Native 1000Hz),Lead I (LA-RA),118,1000.0,3000,776,74.13,True,"4,4,4,3,4,4,4,3,4,3,3,3,4,4,4,4,4,4,4,4,4,4,4,4,4,4,4,4,4,3,3,3","0,1,1,1,1,0,0,1,0,0,0,1,0,0,1,0,1,1,0,0,1,1,1,0,0,1,0,0,0,0,0,0"
Experiment A (Native 1000Hz),Lead I (LA-RA),119,1000.0,3000,761,74.63,True,"3,3,3,3,3,3,3,3,3,3,4,3,4,5,5,4,4,4,4,4,4,4,4,4,4,4,4,4,3,3,3,4","1,1,1,1,1,1,1,1,1,1,1,1,1,0,0,1,0,0,0,1,1,0,1,0,1,1,0,0,0,0,0,1"
Experiment A (Native 1000Hz),Lead II (LL-RA),0,1000.0,3000,837,72.1,True,"4,4,4,4,4,4,4,4,4,4,5,8,6,4,4,4,4,4,4,5,4,3,4,4,4,4,4,4,4,4,4,5","1,1,1,1,1,0,0,1,1,1,1,1,1,1,1,1,0,0,0,0,1,1,0,1,1,1,1,1,1,1,1,1"
Experiment A (Native 1000Hz),Lead II (LL-RA),1,1000.0,3000,821,72.63,True,"4,4,4,3,4,6,6,4,4,4,4,4,4,5,4,4,4,4,4,4,4,4,4,4,3,4,4,4,3,4,7,0","1,1,1,1,1,0,0,1,1,0,0,0,1,1,1,1,1,1,1,1,1,1,1,1,1,1,1,1,1,1,0,1"
Experiment A (Native 1000Hz),Lead II (LL-RA),2,1000.0,3000,822,72.6,True,"6,4,3,4,4,4,4,5,4,4,4,4,4,3,4,4,3,4,4,4,4,4,4,4,6,6,5,4,4,4,5,5","0,1,1,1,0,0,0,1,1,1,1,1,1,1,1,1,1,1,1,0,1,1,1,1,0,0,1,1,1,1,1,0"
Experiment A (Native 1000Hz),Lead II (LL-RA),3,1000.0,3000,819,72.7,True,"4,5,4,4,4,4,4,4,4,3,4,4,4,4,4,4,4,4,5,6,5,4,4,5,4,4,5,5,3,3,3,3","1,1,1,1,1,1,1,1,1,1,1,1,1,0,1,1,1,1,0,0,1,1,1,1,0,1,0,1,1,1,1,0"
Experiment A (Native 1000Hz),Lead II (LL-RA),4,1000.0,3000,791,73.63,True,"3,3,4,3,3,3,3,4,4,4,4,4,6,5,5,4,4,4,4,4,5,4,4,3,4,3,4,4,4,4,3,3","1,1,1,1,1,1,1,1,1,1,1,1,0,0,1,1,0,0,0,1,0,1,1,1,1,1,1,1,1,1,1,1"
Experiment A (Native 1000Hz),Lead II (LL-RA),5,1000.0,3000,809,73.03,True,"4,4,4,4,4,4,6,6,4,4,4,4,4,4,5,4,4,4,4,3,4,4,4,4,4,4,4,4,4,3,3,4","1,1,1,1,1,1,0,0,0,1,1,0,0,1,1,1,1,1,1,1,1,1,1,1,1,1,0,1,1,1,1,1"
Experiment A (Native 1000Hz),Lead II (LL-RA),6,1000.0,3000,845,71.83,True,"7,7,5,3,4,4,4,4,5,4,3,4,4,4,4,4,4,4,4,3,4,4,4,4,4,5,5,5,4,4,4,4","0,0,1,1,1,1,0,1,1,1,1,1,1,1,1,1,1,1,1,1,1,1,1,1,1,0,0,0,1,1,1,1"
Experiment A (Native 1000Hz),Lead II (LL-RA),7,1000.0,3000,812,72.93,True,"4,4,5,5,4,4,4,4,3,3,4,3,3,4,4,4,4,4,3,4,5,6,4,4,4,5,4,4,5,4,3,3","0,0,0,0,1,1,1,1,1,1,1,1,1,1,1,1,1,1,1,1,0,0,1,1,0,0,0,0,0,1,1,0"
Experiment A (Native 1000Hz),Lead II (LL-RA),8,1000.0,3000,791,73.63,True,"3,3,3,3,3,3,2,4,2,4,5,4,4,4,5,6,5,4,4,4,4,4,5,5,3,4,4,4,4,4,4,4","1,1,1,1,1,1,1,1,1,1,1,1,1,1,0,0,0,1,0,0,0,0,1,1,1,1,1,1,1,1,1,1"
Experiment A (Native 1000Hz),Lead II (LL-RA),9,1000.0,3000,808,73.07,True,"4,4,3,4,4,4,3,3,6,6,5,4,4,5,4,4,5,4,4,4,4,4,4,4,3,3,4,3,4,4,4,4","1,1,1,0,1,1,1,1,0,0,1,1,1,1,1,1,1,1,1,1,1,1,1,1,1,1,1,1,1,1,1,1"
Experiment A (Native 1000Hz),Lead II (LL-RA),10,1000.0,3000,840,72.0,True,"3,3,7,7,5,4,4,5,4,4,5,4,4,3,4,4,4,4,4,4,4,4,4,4,4,4,4,4,5,5,5,4","1,1,0,1,1,1,1,1,0,0,0,0,1,1,0,0,1,1,1,1,1,1,1,1,1,1,1,1,0,0,1,1"
Experiment A (Native 1000Hz),Lead II (LL-RA),11,1000.0,3000,828,72.4,True,"4,4,4,4,4,5,4,4,4,4,4,4,4,4,4,4,4,4,4,4,4,4,5,7,6,4,4,4,4,4,4,3","1,1,0,0,1,1,1,1,1,1,1,1,1,1,1,1,1,1,1,1,1,1,1,0,0,1,1,1,0,0,1,0"
Experiment A (Native 1000Hz),Lead II (LL-RA),12,1000.0,3000,814,72.87,True,"5,4,3,3,3,3,3,4,4,4,4,4,4,4,4,4,4,5,6,5,4,4,4,4,4,4,5,4,3,3,4,4","1,1,1,1,1,1,1,1,1,1,1,1,1,1,1,1,1,0,0,1,1,1,1,1,0,1,1,1,1,1,1,1"
Experiment A (Native 1000Hz),Lead II (LL-RA),13,1000.0,3000,789,73.7,True,"4,4,3,4,4,4,3,4,4,4,4,3,5,6,5,4,4,4,4,4,5,5,4,3,3,3,3,2,3,3,4,4","1,1,1,1,1,1,1,1,1,1,1,1,0,0,1,1,0,0,0,0,1,1,1,1,1,1,1,1,1,1,1,1"
Experiment A (Native 1000Hz),Lead II (LL-RA),14,1000.0,3000,825,72.5,True,"3,3,4,4,4,4,4,7,7,5,4,4,4,4,4,5,4,4,4,4,4,3,4,4,4,4,3,4,5,4,4,4","1,1,1,1,1,1,1,1,1,1,1,1,1,1,1,1,1,1,1,1,1,1,1,1,1,1,1,1,1,1,1,1"
Experiment A (Native 1000Hz),Lead II (LL-RA),15,1000.0,3000,837,72.1,True,"3,4,5,5,5,4,4,4,4,4,5,5,4,4,4,4,4,4,4,4,3,3,4,4,4,4,2,4,7,7,5,3","1,1,0,0,1,1,1,1,0,1,0,0,1,1,1,1,1,1,1,1,1,1,1,1,1,1,1,1,0,0,1,1"
Experiment A (Native 1000Hz),Lead II (LL-RA),16,1000.0,3000,838,72.07,True,"4,4,5,4,4,5,4,4,4,4,4,4,4,4,3,4,4,4,4,4,4,4,4,6,7,5,4,4,4,4,4,4","1,1,0,0,1,1,1,1,1,1,1,1,1,1,1,1,1,1,1,1,1,1,1,0,1,1,1,1,1,1,1,1"
Experiment A (Native 1000Hz),Lead II (LL-RA),17,1000.0,3000,815,72.83,True,"5,4,4,4,4,3,4,4,3,4,4,4,4,4,4,4,4,5,8,5,3,3,4,4,4,4,5,4,3,3,3,3","1,1,1,1,1,1,1,1,1,1,1,1,0,1,1,1,1,1,0,1,1,1,1,1,0,1,1,1,1,1,1,1"
Experiment A (Native 1000Hz),Lead II (LL-RA),18,1000.0,3000,809,73.03,True,"4,4,4,4,4,3,4,4,4,4,4,4,5,6,5,4,4,4,4,4,4,5,4,4,4,4,4,3,3,3,3,4","1,1,1,1,1,1,1,1,1,1,1,1,0,0,0,1,0,0,0,0,1,0,1,1,1,1,1,1,1,1,1,1"
Experiment A (Native 1000Hz),Lead II (LL-RA),19,1000.0,3000,811,72.97,True,"4,4,4,4,4,4,4,7,7,5,4,4,4,4,4,5,4,4,3,4,3,3,3,3,3,3,3,3,4,4,4,3","1,1,1,1,1,1,1,1,0,1,1,1,1,1,1,1,1,1,1,1,1,1,1,1,1,1,1,1,1,1,1,1"
Experiment A (Native 1000Hz),Lead II (LL-RA),20,1000.0,3000,824,72.53,True,"3,4,5,5,5,4,4,4,4,4,5,4,4,4,4,4,3,4,3,4,4,4,3,4,4,4,4,4,6,5,5,3","1,1,0,0,1,1,1,1,0,0,0,0,1,1,0,0,1,1,1,1,1,1,1,1,1,1,1,1,0,0,1,1"
Experiment A (Native 1000Hz),Lead II (LL-RA),21,1000.0,3000,816,72.8,True,"4,4,4,4,4,5,5,4,4,4,4,3,4,3,3,3,3,3,4,4,4,4,4,7,7,4,4,4,4,4,4,3","1,0,0,0,0,1,1,1,1,1,1,1,1,1,1,1,1,1,1,1,1,1,1,1,0,1,1,1,1,1,1,1"
Experiment A (Native 1000Hz),Lead II (LL-RA),22,1000.0,3000,810,73.0,True,"5,4,4,4,4,4,4,4,4,4,3,3,4,3,4,4,4,4,5,6,5,4,4,4,4,4,5,4,4,4,4,4","1,1,1,1,1,1,1,1,1,1,1,1,1,0,1,1,1,1,0,0,1,1,1,1,0,0,1,1,1,1,1,1"
Experiment A (Native 1000Hz),Lead II (LL-RA),23,1000.0,3000,817,72.77,True,"4,3,4,3,3,3,4,4,4,4,4,3,4,7,7,5,4,4,4,4,4,5,4,4,4,4,4,4,4,4,4,4","1,1,1,1,1,1,1,1,1,1,1,1,1,0,1,1,0,0,0,0,0,1,1,1,1,1,1,1,1,1,1,1"
Experiment A (Native 1000Hz),Lead II (LL-RA),24,1000.0,3000,822,72.6,True,"4,4,4,4,4,4,4,4,6,6,5,4,4,5,5,4,5,4,4,3,3,4,4,3,4,4,4,4,4,4,4,4","1,1,1,1,1,1,1,1,0,0,1,1,1,1,1,1,1,1,1,1,1,1,1,1,1,1,1,1,0,0,1,1"
Experiment A (Native 1000Hz),Lead II (LL-RA),25,1000.0,3000,814,72.87,True,"4,4,5,6,5,4,4,4,4,4,4,5,4,3,3,3,3,3,4,4,4,4,3,4,4,4,4,4,5,5,5,5","1,1,0,0,1,1,1,1,0,0,1,0,1,1,1,1,1,1,1,1,1,1,1,1,1,1,1,1,1,0,0,0"
Experiment A (Native 1000Hz),Lead II (LL-RA),26,1000.0,3000,825,72.5,True,"4,4,4,4,4,4,5,4,4,4,4,4,4,4,3,4,4,4,4,4,4,4,4,6,6,5,4,4,4,4,4,4","1,1,0,0,0,1,1,1,1,1,1,1,1,1,1,1,1,1,1,1,1,1,1,1,0,1,1,1,1,1,1,1"
Experiment A (Native 1000Hz),Lead II (LL-RA),27,1000.0,3000,796,73.47,True,"5,5,4,3,4,3,3,4,3,2,3,4,3,4,4,4,4,3,5,6,5,4,4,4,4,4,4,4,4,4,4,5","1,1,1,1,1,1,1,1,1,1,1,1,1,1,1,1,1,1,0,0,1,1,1,1,0,0,0,0,0,0,0,0"
Experiment A (Native 1000Hz),Lead II (LL-RA),28,1000.0,3000,814,72.87,True,"3,4,4,3,3,4,4,4,4,4,4,4,4,5,6,5,4,4,4,4,4,5,5,4,4,4,3,4,3,3,3,4","1,1,1,1,1,1,1,1,1,1,1,1,1,0,0,1,1,1,1,0,0,0,1,1,1,1,1,1,1,1,1,1"
Experiment A (Native 1000Hz),Lead II (LL-RA),29,1000.0,3000,819,72.7,True,"4,3,4,4,4,4,3,3,7,7,5,4,4,4,4,4,5,5,4,3,4,4,4,4,4,4,4,4,4,4,4,4","1,1,1,1,1,1,1,1,0,0,1,1,1,1,1,1,1,1,1,1,1,1,1,1,1,1,1,1,1,0,1,1"
Experiment A (Native 1000Hz),Lead II (LL-RA),30,1000.0,3000,839,72.03,True,"4,4,5,5,6,5,4,4,4,4,4,5,4,4,4,4,4,4,3,4,4,4,4,4,4,4,4,3,4,7,7,5","1,1,1,0,0,1,1,1,0,0,0,0,1,1,1,1,1,1,1,1,1,1,1,1,1,1,1,1,1,0,0,1"
Experiment A (Native 1000Hz),Lead II (LL-RA),31,1000.0,3000,817,72.77,True,"4,4,4,4,4,3,5,4,4,4,4,4,4,4,3,4,4,3,4,4,4,4,3,4,6,6,5,4,4,4,4,4","1,1,1,0,0,1,1,1,1,1,1,1,1,1,1,1,1,1,1,1,1,1,1,1,0,0,1,1,1,1,1,0"
Experiment A (Native 1000Hz),Lead II (LL-RA),32,1000.0,3000,818,72.73,True,"4,5,4,4,4,4,4,3,4,4,4,4,4,4,4,4,4,3,6,7,5,4,3,4,4,4,4,5,3,3,3,0","1,1,1,1,1,1,1,1,1,1,1,1,1,1,1,1,1,1,0,0,1,1,1,1,0,0,1,1,1,1,1,1"
Experiment A (Native 1000Hz),Lead II (LL-RA),33,1000.0,3000,805,73.17,True,"3,3,4,4,4,4,4,4,4,4,4,4,4,5,6,5,4,4,4,4,4,4,5,4,3,4,4,4,4,4,4,3","1,1,1,1,1,1,1,1,1,1,1,1,1,1,0,0,1,0,0,0,0,0,1,1,1,1,1,1,1,1,1,1"
Experiment A (Native 1000Hz),Lead II (LL-RA),34,1000.0,3000,794,73.53,True,"4,4,4,4,4,4,4,4,5,6,5,4,4,4,4,4,5,5,4,3,4,3,3,3,3,4,3,3,3,4,4,4","1,1,1,0,1,1,1,1,0,0,1,1,1,1,0,1,1,1,1,1,1,1,1,1,1,1,1,1,1,1,1,1"
Experiment A (Native 1000Hz),Lead II (LL-RA),35,1000.0,3000,823,72.57,True,"4,4,4,5,5,5,3,4,5,4,4,5,5,4,4,4,3,3,4,4,4,4,4,4,4,4,4,4,4,6,6,5","1,1,1,0,0,1,1,1,0,0,0,0,1,1,1,1,1,1,1,1,1,1,1,1,1,1,1,1,1,0,0,1"
Experiment A (Native 1000Hz),Lead II (LL-RA),36,1000.0,3000,816,72.8,True,"5,4,4,4,4,4,5,4,3,4,4,3,3,4,3,3,3,4,3,4,4,4,4,3,7,6,5,4,4,4,4,4","0,1,1,0,0,1,1,1,1,1,1,1,1,1,1,1,1,1,1,1,1,1,1,1,0,0,1,1,1,1,1,0"
Experiment A (Native 1000Hz),Lead II (LL-RA),37,1000.0,3000,817,72.77,True,"4,5,5,4,4,4,4,4,4,4,3,4,4,4,4,4,4,3,4,5,6,5,4,4,4,4,4,5,4,4,4,3","0,1,1,1,1,1,1,1,1,1,1,1,1,1,0,1,1,1,1,0,0,1,1,1,0,0,0,0,1,1,1,0"
Experiment A (Native 1000Hz),Lead II (LL-RA),38,1000.0,3000,817,72.77,True,"4,4,4,4,4,4,4,4,4,4,4,4,3,4,7,6,5,3,4,5,4,4,5,4,4,4,4,4,4,4,4,2","1,1,1,1,1,1,1,1,1,1,1,1,1,1,0,0,0,1,1,0,0,1,1,1,1,1,1,1,1,1,1,1"
Experiment A (Native 1000Hz),Lead II (LL-RA),39,1000.0,3000,819,72.7,True,"4,4,4,4,4,4,4,4,5,6,6,5,4,4,4,4,4,5,4,4,4,4,4,4,3,4,3,4,4,4,4,4","1,1,1,1,1,1,1,1,1,0,0,1,1,1,1,1,1,1,1,1,1,1,1,1,1,1,1,1,1,1,1,1"
Experiment A (Native 1000Hz),Lead II (LL-RA),40,1000.0,3000,830,72.33,True,"4,4,3,7,8,5,3,4,4,4,4,4,5,4,3,3,3,4,4,4,4,4,4,3,4,3,4,4,4,5,6,6","1,1,1,0,0,1,1,1,0,0,0,1,1,1,1,1,1,1,1,1,1,1,1,1,1,1,1,1,1,1,0,0"
Experiment A (Native 1000Hz),Lead II (LL-RA),41,1000.0,3000,825,72.5,True,"5,4,4,4,4,4,5,5,4,4,4,4,4,4,4,4,4,4,4,4,4,4,4,4,5,6,5,4,4,5,4,4","0,1,1,0,0,0,1,1,1,1,1,1,1,1,1,1,1,1,1,0,1,1,1,1,0,0,1,1,1,1,1,1"
Experiment A (Native 1000Hz),Lead II (LL-RA),42,1000.0,3000,807,73.1,True,"4,5,5,4,3,3,4,3,3,4,3,3,4,4,4,4,4,4,4,5,5,5,4,4,4,4,4,5,5,4,4,3","0,1,1,1,1,1,1,1,1,1,1,1,1,1,0,1,1,1,1,0,0,1,1,1,0,0,0,1,1,1,1,1"
Experiment A (Native 1000Hz),Lead II (LL-RA),43,1000.0,3000,799,73.37,True,"4,4,3,3,4,4,4,4,4,4,4,4,4,4,5,6,4,4,4,4,4,4,5,4,4,3,3,4,3,3,3,3","1,1,1,1,1,1,1,1,1,1,1,1,1,1,0,0,0,1,1,0,0,1,1,1,1,1,1,1,1,1,1,1"
Experiment A (Native 1000Hz),Lead II (LL-RA),44,1000.0,3000,809,73.03,True,"3,3,3,4,4,4,4,3,4,6,6,4,4,4,4,4,4,5,4,4,4,4,4,4,3,3,4,3,4,4,4,4","1,1,1,1,1,1,1,1,1,0,0,1,1,1,1,1,1,1,1,1,1,1,1,1,1,1,1,1,1,1,1,1"
Experiment A (Native 1000Hz),Lead II (LL-RA),45,1000.0,3000,824,72.53,True,"4,4,4,5,5,5,4,4,4,4,4,4,5,4,4,4,4,4,4,3,3,3,4,3,4,3,4,4,3,4,7,7","1,1,1,1,0,0,1,1,0,0,0,1,1,1,1,1,1,1,1,1,1,1,1,1,1,1,1,1,1,1,0,0"
Experiment A (Native 1000Hz),Lead II (LL-RA),46,1000.0,3000,818,72.73,True,"5,3,4,4,4,4,4,5,4,4,4,4,4,4,4,4,4,4,4,4,4,4,4,4,5,6,6,4,4,4,4,4","0,1,1,1,0,0,1,1,1,1,1,1,1,1,1,1,1,1,1,0,0,1,1,1,1,0,0,1,1,1,1,1"
Experiment A (Native 1000Hz),Lead II (LL-RA),47,1000.0,3000,817,72.77,True,"4,4,5,4,3,4,4,4,4,4,4,4,4,4,4,4,4,3,3,6,7,5,4,4,4,4,4,4,5,4,3,4","0,1,1,1,1,1,1,1,1,1,1,1,1,1,1,1,1,1,1,0,0,1,1,1,0,0,0,0,1,1,1,0"
Experiment A (Native 1000Hz),Lead II (LL-RA),48,1000.0,3000,804,73.2,True,"4,3,4,4,4,3,4,3,4,4,4,4,4,4,6,6,5,4,4,4,4,4,4,5,4,4,4,4,4,4,4,3","1,1,1,1,1,1,1,1,1,1,1,1,1,1,0,0,0,1,1,0,0,1,1,1,1,1,1,1,1,1,1,1"
Experiment A (Native 1000Hz),Lead II (LL-RA),49,1000.0,3000,799,73.37,True,"4,4,4,4,4,4,4,4,4,5,6,5,4,4,4,5,4,4,5,3,2,4,4,3,3,3,2,4,4,4,4,3","1,1,1,0,0,1,1,1,1,0,0,1,1,1,1,1,0,1,1,1,1,0,0,1,1,1,1,1,1,1,1,1"
Experiment A (Native 1000Hz),Lead II (LL-RA),50,1000.0,3000,820,72.67,True,"4,4,3,4,5,5,5,4,4,4,4,4,5,4,4,4,4,3,4,4,4,4,3,4,4,4,4,4,4,4,7,4","1,1,1,1,0,0,1,1,0,0,0,0,1,1,1,1,1,1,1,1,1,1,1,1,1,1,1,1,1,1,0,0"
Experiment A (Native 1000Hz),Lead II (LL-RA),51,1000.0,3000,805,73.17,True,"7,4,4,4,4,4,4,5,4,3,3,3,3,2,3,4,3,3,3,4,4,4,4,4,4,5,6,5,4,4,4,4","1,1,1,1,0,0,1,1,1,1,1,1,1,1,1,1,1,1,1,1,1,1,1,1,1,0,0,1,1,1,1,1"
Experiment A (Native 1000Hz),Lead II (LL-RA),52,1000.0,3000,815,72.83,True,"4,4,5,4,4,4,3,4,4,4,3,3,4,4,4,4,4,4,4,4,5,5,5,4,4,4,4,4,5,4,4,4","0,0,0,1,1,1,1,1,1,1,1,1,1,1,1,1,1,1,1,1,0,0,1,1,0,0,0,1,1,1,1,0"
Experiment A (Native 1000Hz),Lead II (LL-RA),53,1000.0,3000,804,73.2,True,"4,4,4,4,4,4,2,3,3,4,4,4,4,3,4,7,5,4,4,4,4,4,4,5,4,3,4,4,4,4,4,2","1,1,1,1,1,1,1,1,1,1,1,1,1,1,1,0,0,0,0,0,0,0,0,0,1,1,1,1,1,1,1,1"
Experiment A (Native 1000Hz),Lead II (LL-RA),54,1000.0,3000,817,72.77,True,"4,4,3,3,4,4,4,4,4,5,6,5,4,4,4,4,4,4,5,4,4,4,4,4,4,4,4,4,4,3,4,4","1,1,1,1,0,1,1,1,1,1,0,1,1,1,1,1,0,1,1,1,1,0,0,1,1,1,1,1,1,1,1,1"
Experiment A (Native 1000Hz),Lead II (LL-RA),55,1000.0,3000,826,72.47,True,"4,4,3,4,7,7,5,4,4,4,4,4,4,5,4,4,4,4,4,3,3,4,4,4,4,4,4,4,4,4,5,7","1,1,1,1,0,0,1,1,0,0,0,0,0,0,1,0,1,1,1,1,1,1,1,1,1,1,1,1,1,1,1,0"
Experiment A (Native 1000Hz),Lead II (LL-RA),56,1000.0,3000,832,72.27,True,"7,5,4,4,4,4,4,5,5,4,4,4,4,4,3,3,4,4,4,4,4,4,4,4,4,5,6,5,4,4,4,4","0,1,1,1,1,1,1,1,1,1,1,1,1,1,1,1,1,1,1,1,1,1,1,1,1,0,0,1,1,1,1,1"
Experiment A (Native 1000Hz),Lead II (LL-RA),57,1000.0,3000,804,73.2,True,"4,3,5,4,4,4,3,3,4,3,3,3,4,4,3,4,4,4,4,4,5,6,5,4,4,4,4,4,5,5,4,4","0,1,0,0,0,0,0,0,1,1,1,1,1,1,1,1,1,1,1,1,0,0,1,1,0,0,0,0,1,1,1,1"
Experiment A (Native 1000Hz),Lead II (LL-RA),58,1000.0,3000,818,72.73,True,"4,4,4,4,4,4,4,4,4,4,4,4,4,4,4,7,7,5,4,4,4,4,4,5,4,4,3,3,3,3,3,1","1,1,1,1,1,1,1,1,1,1,1,1,1,1,1,1,1,1,1,1,1,1,1,1,1,1,1,1,1,1,1,1"
Experiment A (Native 1000Hz),Lead II (LL-RA),59,1000.0,3000,795,73.5,True,"3,3,3,3,4,4,3,4,4,4,5,5,5,4,4,4,4,4,5,4,4,4,4,4,4,3,4,3,3,4,4,4","1,1,1,1,1,0,1,1,1,1,0,0,1,1,1,1,0,1,0,1,1,1,1,1,1,1,1,1,1,0,1,1"
Experiment A (Native 1000Hz),Lead II (LL-RA),60,1000.0,3000,831,72.3,True,"4,4,5,5,5,5,4,4,4,4,4,5,5,4,4,4,4,4,4,3,4,3,3,3,4,4,4,3,4,7,7,5","1,1,1,0,0,1,1,1,0,0,0,1,0,1,0,1,1,1,1,1,1,1,1,1,1,1,1,1,1,0,0,0"
Experiment A (Native 1000Hz),Lead II (LL-RA),61,1000.0,3000,822,72.6,True,"4,4,4,4,4,4,5,4,4,4,4,4,4,4,4,4,4,3,4,4,4,4,4,4,6,6,4,4,4,4,4,4","1,1,0,0,0,0,1,1,1,1,1,1,1,1,1,1,1,1,1,1,1,1,1,1,0,0,1,1,1,1,1,1"
Experiment A (Native 1000Hz),Lead II (LL-RA),62,1000.0,3000,827,72.43,True,"4,5,4,4,4,4,4,4,4,4,4,4,4,4,4,4,4,4,5,8,5,4,4,4,5,4,4,5,4,3,4,4","1,1,1,1,1,1,1,1,1,1,1,1,1,0,1,1,1,1,1,0,1,1,1,1,0,0,1,1,1,1,1,1"
Experiment A (Native 1000Hz),Lead II (LL-RA),63,1000.0,3000,808,73.07,True,"4,3,4,4,4,3,3,4,4,4,4,4,4,5,5,6,4,4,4,4,4,4,5,4,4,4,4,4,4,4,4,2","1,1,1,1,1,1,1,1,1,1,1,1,1,1,0,0,1,0,0,0,0,1,1,1,1,1,1,1,1,1,1,1"
Experiment A (Native 1000Hz),Lead II (LL-RA),64,1000.0,3000,808,73.07,True,"3,3,4,4,4,4,4,4,6,6,5,4,4,4,4,4,4,5,4,3,4,4,3,4,3,3,4,4,4,4,4,4","1,1,1,0,1,1,1,1,0,0,1,1,1,1,1,1,1,1,1,1,1,1,1,1,1,1,1,1,1,1,1,1"
Experiment A (Native 1000Hz),Lead II (LL-RA),65,1000.0,3000,827,72.43,True,"4,4,4,5,6,5,4,4,4,4,4,4,5,4,4,4,4,4,4,4,4,4,4,4,4,4,4,4,4,6,6,4","1,1,1,0,0,1,1,1,0,0,0,1,1,1,1,1,1,1,1,1,1,1,1,1,1,1,1,1,1,0,0,1"
Experiment A (Native 1000Hz),Lead II (LL-RA),66,1000.0,3000,794,73.53,True,"5,4,4,3,4,4,5,4,3,3,3,3,3,3,3,3,4,4,3,4,3,4,4,4,6,6,5,4,4,4,4,5","0,1,1,0,0,0,1,1,1,1,1,1,1,1,1,1,1,1,1,0,1,1,1,1,0,0,1,1,1,1,1,1"
Experiment A (Native 1000Hz),Lead II (LL-RA),67,1000.0,3000,820,72.67,True,"4,5,5,4,4,4,4,4,4,4,4,3,4,4,4,4,4,4,4,5,6,5,4,4,4,4,4,5,5,4,4,4","0,1,1,1,1,1,1,1,1,1,1,1,1,1,0,1,1,1,1,0,0,1,1,1,0,0,0,1,1,1,1,1"
Experiment A (Native 1000Hz),Lead II (LL-RA),68,1000.0,3000,819,72.7,True,"4,4,3,4,3,3,3,4,4,4,4,4,3,4,7,7,5,4,4,4,4,4,5,5,4,4,4,4,4,4,4,4","1,1,1,1,1,1,1,1,1,1,1,1,1,1,0,0,1,1,0,0,0,0,1,1,1,1,1,1,1,1,1,1"
Experiment A (Native 1000Hz),Lead II (LL-RA),69,1000.0,3000,818,72.73,True,"4,4,4,4,4,4,4,4,4,5,6,5,4,4,5,4,4,5,5,4,4,4,4,4,3,4,4,3,4,4,4,5","1,1,1,1,0,1,1,1,1,0,0,1,1,1,1,0,1,1,1,1,1,1,1,1,1,1,1,1,1,1,1,1"
Experiment A (Native 1000Hz),Lead II (LL-RA),70,1000.0,3000,838,72.07,True,"4,3,4,5,8,6,4,3,4,4,4,4,5,4,3,4,4,4,4,4,4,4,4,4,4,4,4,4,4,4,6,7","1,1,1,1,0,1,1,1,1,0,0,1,1,1,1,1,1,1,1,1,1,1,1,1,1,1,1,1,1,1,0,0"
Experiment A (Native 1000Hz),Lead II (LL-RA),71,1000.0,3000,813,72.9,True,"6,4,4,4,4,4,4,5,4,4,3,4,4,4,3,4,4,3,3,4,4,4,4,4,5,6,5,4,4,4,4,4","0,1,1,1,0,0,1,1,1,1,1,1,1,1,1,1,1,1,1,0,1,1,1,1,0,0,0,1,1,1,1,0"
Experiment A (Native 1000Hz),Lead II (LL-RA),72,1000.0,3000,804,73.2,True,"4,4,5,4,2,3,3,3,2,3,4,4,4,4,4,4,4,4,4,5,6,5,4,4,4,4,4,4,5,4,4,3","0,1,1,1,1,1,1,1,1,1,1,1,1,1,1,1,1,1,1,1,0,0,1,1,0,0,0,1,1,1,1,1"
Experiment A (Native 1000Hz),Lead II (LL-RA),73,1000.0,3000,803,73.23,True,"4,4,4,3,4,4,4,3,4,4,4,4,4,4,6,6,4,4,4,4,4,4,4,5,4,3,3,3,3,4,3,3","1,1,1,1,1,1,1,1,1,1,1,1,1,1,0,0,0,1,1,0,0,0,1,1,1,1,1,1,1,1,1,1"
Experiment A (Native 1000Hz),Lead II (LL-RA),74,1000.0,3000,809,73.03,True,"3,3,4,4,4,3,4,4,4,6,5,5,4,4,4,4,4,4,5,4,4,4,4,3,4,4,4,4,4,3,4,4","1,1,1,1,1,1,1,1,1,0,0,1,1,1,1,1,0,1,1,1,1,1,0,1,1,1,1,1,1,1,1,1"
Experiment A (Native 1000Hz),Lead II (LL-RA),75,1000.0,3000,818,72.73,True,"4,4,4,4,5,6,5,4,4,4,4,4,5,5,4,4,3,4,4,4,3,3,3,3,4,4,4,4,3,3,7,7","1,1,1,1,0,0,1,1,0,0,0,1,0,0,0,1,1,1,1,1,1,1,1,1,1,1,1,1,1,1,1,0"
Experiment A (Native 1000Hz),Lead II (LL-RA),76,1000.0,3000,828,72.4,True,"7,5,4,4,4,4,4,5,5,4,4,4,3,4,4,3,4,3,4,3,4,4,4,4,4,6,6,5,3,4,4,4","1,1,1,1,1,1,1,1,1,1,1,1,1,1,1,1,1,1,1,1,1,1,1,1,1,0,0,1,1,1,1,1"
Experiment A (Native 1000Hz),Lead II (LL-RA),77,1000.0,3000,831,72.3,True,"4,4,5,5,4,4,4,4,4,4,4,3,4,4,4,4,4,4,3,4,7,7,5,4,4,4,4,4,5,5,4,3","0,0,0,1,1,1,1,1,1,1,1,1,1,1,1,1,1,1,1,1,0,0,1,1,1,1,0,0,1,1,1,1"
Experiment A (Native 1000Hz),Lead II (LL-RA),78,1000.0,3000,829,72.37,True,"4,4,4,4,4,4,4,4,4,4,4,4,4,4,4,7,7,5,4,4,4,5,4,5,5,4,4,4,4,4,4,4","1,1,1,1,1,1,1,1,1,1,1,1,1,1,1,1,0,1,1,1,1,1,1,1,1,1,1,1,1,1,1,1"
Experiment A (Native 1000Hz),Lead II (LL-RA),79,1000.0,3000,795,73.5,True,"4,4,4,4,4,4,4,4,4,4,5,5,4,3,4,4,4,4,5,5,3,4,3,3,3,3,4,4,4,4,4,4","1,1,1,1,1,0,1,1,1,1,0,0,1,1,1,1,0,0,0,1,1,0,1,1,1,1,1,1,1,1,1,1"
Experiment A (Native 1000Hz),Lead II (LL-RA),80,1000.0,3000,812,72.93,True,"4,4,4,4,4,5,5,4,4,4,4,4,4,5,4,3,4,4,4,4,4,4,4,4,4,4,4,4,4,4,4,4","1,1,1,1,1,0,0,1,1,0,0,0,1,1,1,1,1,1,1,1,1,1,1,1,1,1,1,1,1,1,1,1"
Experiment A (Native 1000Hz),Lead II (LL-RA),81,1000.0,3000,820,72.67,True,"6,5,4,4,4,4,4,4,5,4,3,3,3,4,3,3,4,3,3,3,4,4,4,4,4,4,6,5,4,4,4,4","0,0,1,1,1,1,0,1,1,1,1,1,1,1,1,1,1,1,1,1,1,1,1,1,1,1,0,0,1,1,1,1"
Experiment A (Native 1000Hz),Lead II (LL-RA),82,1000.0,3000,824,72.53,True,"4,4,4,5,5,4,4,4,4,4,3,4,3,4,4,4,4,4,4,4,5,6,5,4,4,4,4,4,5,5,4,4","0,0,0,0,1,1,1,0,1,1,1,1,1,1,1,1,1,1,1,1,0,0,1,1,0,0,0,0,1,1,1,1"
Experiment A (Native 1000Hz),Lead II (LL-RA),83,1000.0,3000,809,73.03,True,"3,4,4,4,3,3,3,3,4,3,4,4,4,3,3,6,8,5,4,4,4,4,4,4,5,4,4,4,4,4,4,4","1,1,1,1,1,1,1,1,1,1,1,1,1,1,1,1,0,1,1,1,1,0,0,1,1,1,1,1,1,1,1,1"
Experiment A (Native 1000Hz),Lead II (LL-RA),84,1000.0,3000,809,73.03,True,"4,4,4,4,4,4,4,4,4,4,6,5,5,4,4,4,4,4,5,5,4,3,4,4,4,4,4,4,4,4,4,3","1,1,1,1,1,0,1,1,1,1,0,0,1,1,1,1,0,1,0,1,1,1,0,1,1,1,1,1,1,1,1,1"
Experiment A (Native 1000Hz),Lead II (LL-RA),85,1000.0,3000,824,72.53,True,"4,4,4,3,3,7,7,5,4,3,4,4,4,5,5,4,4,3,3,4,4,4,4,4,4,4,4,4,4,4,4,4","1,1,1,1,1,0,1,1,1,1,1,0,0,1,1,1,1,1,1,1,1,1,1,1,1,1,0,1,1,1,1,1"
Experiment A (Native 1000Hz),Lead II (LL-RA),86,1000.0,3000,840,72.0,True,"6,6,5,4,4,4,4,4,5,5,4,4,4,4,4,4,3,4,4,4,4,4,4,4,4,4,5,6,5,4,4,3","0,0,1,1,1,1,1,1,1,1,1,1,1,1,1,1,1,1,1,1,1,0,1,1,1,1,0,0,1,1,1,1"
Experiment A (Native 1000Hz),Lead II (LL-RA),87,1000.0,3000,804,73.2,True,"4,4,4,5,4,3,3,3,3,3,4,3,4,4,4,4,4,4,4,3,4,5,6,5,4,4,4,4,4,5,4,3","0,0,0,0,1,1,1,1,1,1,1,1,1,1,1,1,1,1,1,1,1,0,0,1,1,0,0,0,1,1,1,1"
Experiment A (Native 1000Hz),Lead II (LL-RA),88,1000.0,3000,811,72.97,True,"4,4,4,4,3,4,4,4,4,3,4,4,4,4,4,5,6,5,4,4,4,4,4,4,5,4,4,4,3,4,3,3","1,1,1,1,1,1,1,1,1,1,1,1,1,1,1,0,0,0,1,1,1,1,1,1,1,1,1,1,1,1,1,1"
Experiment A (Native 1000Hz),Lead II (LL-RA),89,1000.0,3000,803,73.23,True,"3,3,3,4,2,4,4,4,4,4,5,5,5,4,4,4,4,4,4,5,4,4,4,4,4,4,4,4,4,3,4,3","1,1,1,1,1,1,1,1,1,1,1,0,0,1,1,1,0,0,1,0,1,1,1,1,1,1,1,1,1,1,1,1"
Experiment A (Native 1000Hz),Lead II (LL-RA),90,1000.0,3000,802,73.27,True,"4,4,4,4,4,6,5,5,4,4,4,4,4,4,5,4,4,4,4,4,3,3,3,4,4,3,4,4,4,4,3,4","1,1,1,1,1,1,0,0,1,0,0,0,0,1,1,1,1,1,1,1,1,1,1,1,1,1,1,1,1,1,1,0"
Experiment A (Native 1000Hz),Lead II (LL-RA),91,1000.0,3000,868,71.07,True,"5,8,5,4,4,4,4,4,4,5,4,3,4,4,4,4,4,4,4,4,4,4,4,4,4,4,5,5,5,4,4,4","1,0,1,1,1,1,0,0,1,1,1,1,1,1,1,1,1,1,1,1,1,1,1,1,1,1,0,0,1,1,1,1"
Experiment A (Native 1000Hz),Lead II (LL-RA),92,1000.0,3000,831,72.3,True,"4,4,4,5,5,4,4,4,4,4,4,4,4,4,4,4,4,4,4,3,3,7,7,5,3,4,4,5,4,4,5,4","0,0,0,0,1,1,1,1,1,1,1,1,1,1,1,1,1,1,1,1,1,0,0,1,1,1,0,0,0,1,1,1"
Experiment A (Native 1000Hz),Lead II (LL-RA),93,1000.0,3000,814,72.87,True,"4,4,4,3,4,4,4,4,3,4,4,4,4,4,3,4,6,6,5,4,4,4,4,4,5,5,4,4,4,4,4,4","1,1,1,1,1,1,1,1,1,1,1,0,0,1,1,1,0,0,1,1,1,1,1,1,1,1,1,1,1,1,1,1"
Experiment A (Native 1000Hz),Lead II (LL-RA),94,1000.0,3000,809,73.03,True,"4,4,3,4,4,4,4,4,4,4,4,6,7,5,4,4,4,4,4,5,4,4,3,3,3,3,3,4,4,4,4,2","1,1,1,1,1,1,0,1,1,1,1,0,1,1,1,1,0,0,1,0,0,1,0,1,1,1,1,1,1,1,1,1"
Experiment A (Native 1000Hz),Lead II (LL-RA),95,1000.0,3000,818,72.73,True,"4,5,4,4,4,4,5,6,4,4,4,4,4,4,5,5,4,4,4,4,4,4,4,4,4,4,4,4,4,4,4,4","1,1,1,1,1,1,0,0,0,1,1,0,0,0,1,1,1,1,1,1,1,1,1,1,1,1,1,0,1,1,1,1"
Experiment A (Native 1000Hz),Lead II (LL-RA),96,1000.0,3000,816,72.8,True,"5,6,6,4,3,4,5,4,4,5,4,3,3,3,3,4,3,3,3,3,3,4,4,4,4,4,4,5,6,5,4,3","1,0,0,1,1,1,1,1,1,1,1,1,1,1,1,1,1,1,1,1,1,0,0,1,1,1,1,0,0,1,1,1"
Experiment A (Native 1000Hz),Lead II (LL-RA),97,1000.0,3000,816,72.8,True,"4,4,4,4,5,4,4,4,4,4,3,3,4,4,4,4,4,4,4,4,4,4,6,5,4,4,4,4,4,4,5,5","1,0,0,0,1,1,1,1,1,1,1,1,1,1,1,1,1,1,1,1,1,1,0,0,0,0,0,0,0,1,1,0"
Experiment A (Native 1000Hz),Lead II (LL-RA),98,1000.0,3000,813,72.9,True,"4,4,4,4,3,4,3,3,3,4,3,4,4,4,3,3,5,7,6,4,4,4,4,4,4,5,4,4,4,4,4,4","1,1,1,1,1,1,1,1,1,1,1,1,1,1,1,1,1,0,1,1,1,1,1,1,1,1,1,1,1,1,1,1"
Experiment A (Native 1000Hz),Lead II (LL-RA),99,1000.0,3000,806,73.13,True,"4,3,4,4,4,3,4,4,4,4,4,5,6,5,4,4,4,4,4,4,5,4,4,4,4,3,4,4,4,4,4,3","1,1,1,1,1,1,1,1,1,1,1,0,0,0,1,1,0,0,0,1,1,1,0,1,1,1,1,1,1,1,1,1"
Experiment A (Native 1000Hz),Lead II (LL-RA),100,1000.0,3000,818,72.73,True,"4,4,4,4,3,4,7,7,5,3,3,4,5,4,5,5,4,4,4,4,4,3,4,4,4,4,3,4,4,4,4,4","1,1,1,1,1,1,0,0,1,1,1,1,0,0,1,1,1,1,1,1,1,1,1,1,1,1,1,1,1,1,1,1"
Experiment A (Native 1000Hz),Lead II (LL-RA),101,1000.0,3000,839,72.03,True,"4,6,6,5,4,4,4,4,4,5,5,4,4,4,4,4,3,4,4,3,4,4,4,4,4,4,4,6,7,5,3,3","1,0,0,1,1,1,1,1,1,1,1,1,1,1,1,1,1,1,0,1,1,0,0,1,1,1,1,0,0,1,1,1"
Experiment A (Native 1000Hz),Lead II (LL-RA),102,1000.0,3000,814,72.87,True,"4,4,4,3,5,4,3,3,4,3,3,4,4,4,4,4,4,4,4,4,4,4,6,6,5,4,4,4,4,4,4,5","0,0,0,0,1,1,1,1,1,1,1,1,1,1,1,1,1,1,1,1,1,1,0,0,0,1,1,1,0,0,1,1"
Experiment A (Native 1000Hz),Lead II (LL-RA),103,1000.0,3000,807,73.1,True,"5,4,4,3,4,4,3,3,4,3,4,4,4,4,4,4,4,5,6,5,4,4,4,4,4,5,5,3,3,3,4,5","1,1,1,1,1,1,1,1,1,1,1,1,0,1,1,1,1,0,0,1,1,1,1,1,0,1,1,1,1,1,1,1"
Experiment A (Native 1000Hz),Lead II (LL-RA),104,1000.0,3000,792,73.6,True,"3,3,3,3,3,4,4,4,4,4,4,4,5,5,5,4,4,4,4,4,5,4,4,4,4,4,3,3,4,3,3,3","1,1,1,1,1,1,1,1,1,1,1,1,0,0,1,1,0,0,0,0,1,1,1,1,1,1,1,1,1,1,1,1"
Experiment A (Native 1000Hz),Lead II (LL-RA),105,1000.0,3000,799,73.37,True,"3,4,4,4,4,4,4,6,5,4,4,4,4,4,4,5,4,3,4,4,4,4,3,3,4,3,2,4,4,4,4,2","1,1,1,1,1,1,1,0,0,1,1,1,0,0,1,1,1,1,1,1,1,1,1,1,1,1,1,1,1,1,1,1"
Experiment A (Native 1000Hz),Lead II (LL-RA),106,1000.0,3000,846,71.8,True,"4,5,8,6,4,4,4,5,4,4,5,4,4,4,4,4,4,3,4,4,4,4,4,4,4,4,4,4,5,6,4,4","1,1,0,1,1,1,1,0,0,0,0,1,1,1,1,1,1,1,1,1,1,1,1,1,1,1,1,1,0,0,1,1"
Experiment A (Native 1000Hz),Lead II (LL-RA),107,1000.0,3000,815,72.83,True,"4,4,4,4,4,5,4,4,4,4,4,4,4,3,3,3,4,4,4,4,4,3,6,7,5,4,4,4,5,4,4,6","1,0,0,0,1,1,1,1,1,1,1,1,1,1,1,1,1,1,1,1,1,1,1,0,1,1,1,1,0,1,1,0"
Experiment A (Native 1000Hz),Lead II (LL-RA),108,1000.0,3000,822,72.6,True,"5,4,3,3,4,4,4,4,4,4,4,4,4,4,4,4,4,5,6,5,4,4,4,5,4,4,5,4,4,4,4,3","1,1,1,1,1,1,1,1,1,1,1,1,0,1,1,1,1,0,0,1,1,1,1,1,0,0,0,1,1,1,0,0"
Experiment A (Native 1000Hz),Lead II (LL-RA),109,1000.0,3000,799,73.37,True,"4,3,4,4,4,4,4,4,4,4,4,4,5,6,4,4,4,4,4,4,5,5,4,3,3,4,4,3,3,4,3,3","1,1,1,1,1,1,1,1,1,1,1,1,0,0,1,1,0,0,0,0,1,1,1,1,1,1,1,1,1,1,1,1"
Experiment A (Native 1000Hz),Lead II (LL-RA),110,1000.0,3000,831,72.3,True,"4,3,4,4,4,4,4,7,7,5,4,4,4,4,4,4,5,4,4,4,4,4,4,3,4,3,4,4,4,4,4,5","1,1,1,1,1,1,1,1,0,1,1,1,1,1,1,1,1,1,1,1,1,1,1,1,1,1,1,1,1,1,1,1"
Experiment A (Native 1000Hz),Lead II (LL-RA),111,1000.0,3000,810,73.0,True,"3,5,5,6,5,4,4,5,4,4,5,4,3,3,3,3,3,3,3,3,3,4,3,4,4,4,4,4,5,6,5,4","1,1,0,0,1,1,1,1,0,1,0,1,1,1,1,1,1,1,1,1,1,1,1,1,1,1,1,1,0,0,1,1"
Experiment A (Native 1000Hz),Lead II (LL-RA),112,1000.0,3000,837,72.1,True,"4,4,4,4,4,5,5,4,4,4,3,4,4,3,4,4,4,4,4,5,4,4,4,7,7,5,4,4,4,4,4,4","1,0,0,0,0,1,1,1,1,1,1,1,1,1,1,1,1,1,1,1,1,1,1,0,1,1,1,1,1,1,1,1"
Experiment A (Native 1000Hz),Lead II (LL-RA),113,1000.0,3000,820,72.67,True,"5,4,4,4,4,4,4,4,3,4,3,3,4,4,4,4,3,4,7,7,4,4,4,5,4,4,5,5,4,4,4,2","1,1,1,1,1,1,1,1,1,1,1,1,1,1,1,1,1,1,0,0,1,1,1,1,0,1,0,1,1,1,1,1"
Experiment A (Native 1000Hz),Lead II (LL-RA),114,1000.0,3000,814,72.87,True,"4,4,4,3,4,4,4,4,4,4,4,4,4,5,6,5,4,4,4,4,4,5,4,4,4,4,4,4,3,4,4,4","1,1,1,1,1,1,1,1,1,1,1,1,1,0,0,1,1,1,0,0,1,1,1,1,1,1,1,1,1,1,1,1"
Experiment A (Native 1000Hz),Lead II (LL-RA),115,1000.0,3000,814,72.87,True,"4,4,4,4,4,4,3,5,7,5,4,4,4,4,4,4,5,4,4,4,4,3,4,4,4,3,3,3,4,4,4,4","1,1,1,1,1,1,1,1,0,0,1,1,1,1,1,1,1,1,1,1,1,1,1,1,1,1,1,1,0,0,1,1"
Experiment A (Native 1000Hz),Lead II (LL-RA),116,1000.0,3000,828,72.4,True,"4,4,5,6,5,4,4,4,4,4,4,5,4,4,4,4,4,4,3,4,4,4,4,4,4,5,4,3,6,6,5,3","1,1,0,0,0,1,1,1,0,0,0,0,1,1,0,1,1,1,1,1,1,1,1,1,1,1,1,1,0,0,1,1"
Experiment A (Native 1000Hz),Lead II (LL-RA),117,1000.0,3000,805,73.17,True,"4,4,4,4,4,4,5,4,3,3,4,3,3,4,3,4,3,4,4,4,4,4,4,6,6,5,4,4,4,4,4,3","1,1,1,0,0,1,1,1,1,1,1,1,1,1,1,1,1,1,1,1,1,1,1,1,0,0,1,1,1,1,1,1"
Experiment A (Native 1000Hz),Lead II (LL-RA),118,1000.0,3000,822,72.6,True,"5,5,4,4,4,4,4,4,4,3,4,4,4,4,4,4,4,4,5,5,5,4,4,4,4,4,4,5,4,3,4,4","1,1,1,1,1,1,1,1,1,1,1,1,1,0,1,1,1,1,0,0,1,1,1,1,0,1,0,1,1,1,1,1"
Experiment A (Native 1000Hz),Lead II (LL-RA),119,1000.0,3000,781,73.97,True,"3,4,3,3,3,3,3,3,4,4,4,3,4,5,5,5,4,4,4,4,4,5,5,4,3,4,3,4,4,4,3,5","1,1,1,1,1,1,1,1,1,1,1,1,1,0,0,1,1,0,0,0,0,1,1,1,1,1,1,1,1,1,1,1"
Experiment A (Native 1000Hz),Respiration (RESP),0,1000.0,3000,767,74.43,True,"3,3,3,3,3,3,3,4,3,3,4,6,6,3,3,3,4,4,4,4,4,4,3,3,4,4,3,4,3,3,4,3","1,1,1,1,1,1,1,1,1,1,1,1,1,1,1,1,1,1,1,1,1,1,1,1,1,1,1,1,1,1,1,1"
Experiment A (Native 1000Hz),Respiration (RESP),1,1000.0,3000,804,73.2,True,"4,4,4,4,4,6,6,4,4,4,3,4,4,4,4,3,4,4,3,4,4,4,3,4,4,4,4,4,4,4,6,7","1,1,1,1,1,1,1,1,1,1,1,1,1,1,1,1,1,1,1,1,1,1,1,1,1,1,1,1,1,1,1,1"
Experiment A (Native 1000Hz),Respiration (RESP),2,1000.0,3000,783,73.9,True,"5,4,4,4,3,3,4,4,4,3,3,4,3,3,3,4,3,3,4,4,3,3,3,3,5,6,5,4,4,4,4,4","1,1,1,1,1,1,1,1,1,1,1,1,1,1,1,1,1,1,1,1,1,1,1,1,1,1,1,1,1,1,1,1"
Experiment A (Native 1000Hz),Respiration (RESP),3,1000.0,3000,790,73.67,True,"4,4,4,4,4,4,4,4,3,3,3,4,3,4,4,4,4,4,6,6,4,4,4,4,4,4,4,4,4,4,4,3","1,1,1,1,1,1,1,1,1,1,1,1,1,1,1,1,1,1,1,1,1,1,1,1,1,1,1,1,1,1,1,1"
Experiment A (Native 1000Hz),Respiration (RESP),4,1000.0,3000,781,73.97,True,"3,4,4,4,4,4,4,4,4,4,3,4,5,6,5,4,3,3,4,4,4,3,3,3,3,3,4,3,3,4,4,4","1,1,1,1,1,1,1,1,1,1,1,1,1,1,1,1,1,1,1,1,1,1,1,1,1,1,1,1,1,1,1,1"
Experiment A (Native 1000Hz),Respiration (RESP),5,1000.0,3000,791,73.63,True,"4,4,4,3,4,3,6,6,4,4,4,4,3,4,4,4,4,4,4,4,4,3,3,3,4,4,4,4,4,4,4,3","1,1,1,1,1,1,1,1,1,1,1,1,1,1,1,1,1,1,1,1,1,1,1,1,1,1,1,1,1,1,1,1"
Experiment A (Native 1000Hz),Respiration (RESP),6,1000.0,3000,794,73.53,True,"5,6,5,4,4,3,4,4,4,4,4,3,4,3,3,3,2,4,3,3,3,4,4,3,3,5,6,5,3,4,4,4","1,1,1,1,1,1,1,1,1,1,1,1,1,1,1,1,1,1,1,1,1,1,1,1,1,1,1,1,1,1,1,1"
Experiment A (Native 1000Hz),Respiration (RESP),7,1000.0,3000,785,73.83,True,"4,3,4,4,4,3,3,3,4,4,4,4,4,3,3,4,4,4,4,4,6,6,4,4,4,4,4,4,4,4,4,4","1,1,1,1,1,1,1,1,1,1,1,1,1,1,1,1,1,1,1,1,1,1,1,1,1,1,1,1,1,1,1,1"
Experiment A (Native 1000Hz),Respiration (RESP),8,1000.0,3000,788,73.73,True,"4,4,4,4,3,4,4,4,4,4,4,4,4,4,6,6,4,4,3,3,3,3,4,4,3,3,4,4,4,4,4,3","1,1,1,1,1,1,1,1,1,1,1,1,1,1,1,1,1,1,1,1,1,1,1,1,1,1,1,1,1,1,1,1"
Experiment A (Native 1000Hz),Respiration (RESP),9,1000.0,3000,799,73.37,True,"4,4,4,4,4,4,4,3,5,6,5,4,4,4,4,4,4,4,4,4,4,4,3,4,4,4,3,4,3,4,4,3","1,1,1,1,1,1,1,1,1,1,1,1,1,1,1,1,1,1,1,1,1,1,1,1,1,1,1,1,1,1,1,1"
Experiment A (Native 1000Hz),Respiration (RESP),10,1000.0,3000,788,73.73,True,"4,4,5,6,4,4,4,4,3,4,4,3,3,4,3,3,3,3,3,3,3,4,3,3,4,4,4,4,6,6,4,4","1,1,1,1,1,1,1,1,1,1,1,1,1,1,1,1,1,1,1,1,1,1,1,1,1,1,1,1,1,1,1,1"
Experiment A (Native 1000Hz),Respiration (RESP),11,1000.0,3000,797,73.43,True,"4,4,4,4,4,4,4,4,4,4,4,4,3,4,4,4,4,4,4,4,4,3,4,6,5,4,4,4,4,4,4,3","1,1,1,1,1,1,1,1,1,1,1,1,1,1,1,1,1,1,1,1,1,1,1,1,1,1,1,1,1,1,1,1"
Experiment A (Native 1000Hz),Respiration (RESP),12,1000.0,3000,773,74.23,True,"4,4,4,4,3,4,3,4,4,2,3,3,3,3,3,3,4,5,6,5,3,4,3,4,4,4,4,4,3,3,4,4","1,1,1,1,1,1,1,1,1,1,1,1,1,1,1,1,1,1,1,1,1,1,1,1,1,1,1,1,1,1,1,1"
Experiment A (Native 1000Hz),Respiration (RESP),13,1000.0,3000,798,73.4,True,"4,4,4,4,4,3,4,4,4,4,4,4,5,6,4,4,4,4,4,4,4,4,4,4,3,4,4,4,4,4,4,4","1,1,1,1,1,1,1,1,1,1,1,1,1,1,1,1,1,1,1,1,1,1,1,1,1,1,1,1,1,1,1,1"
Experiment A (Native 1000Hz),Respiration (RESP),14,1000.0,3000,780,74.0,True,"4,4,4,4,4,3,4,5,6,4,4,3,4,3,3,4,4,3,3,3,3,4,3,4,3,3,4,4,4,4,4,3","1,1,1,1,1,1,1,1,1,1,1,1,1,1,1,1,1,1,1,1,1,1,1,1,1,1,1,1,1,1,1,1"
Experiment A (Native 1000Hz),Respiration (RESP),15,1000.0,3000,811,72.97,True,"4,4,6,6,4,4,4,4,3,3,4,4,4,4,4,4,4,4,4,4,4,4,4,3,4,4,4,4,6,6,3,4","1,1,1,1,1,1,1,1,1,1,1,1,1,1,1,1,1,1,1,1,1,1,1,1,1,1,1,1,1,1,1,1"
Experiment A (Native 1000Hz),Respiration (RESP),16,1000.0,3000,773,74.23,True,"4,4,4,4,4,3,3,3,3,4,3,3,4,4,3,3,3,3,3,4,4,4,4,6,6,4,4,4,3,4,4,4","1,1,1,1,1,1,1,1,1,1,1,1,1,1,1,1,1,1,1,1,1,1,1,1,1,1,1,1,1,1,1,1"
Experiment A (Native 1000Hz),Respiration (RESP),17,1000.0,3000,798,73.4,True,"4,4,4,3,4,4,3,4,4,4,4,4,4,4,3,4,4,4,6,5,4,4,4,4,4,4,4,4,3,4,4,4","1,1,1,1,1,1,1,1,1,1,1,1,1,1,1,1,1,1,1,1,1,1,1,1,1,1,1,1,1,1,1,1"
Experiment A (Native 1000Hz),Respiration (RESP),18,1000.0,3000,772,74.27,True,"3,4,4,3,3,3,3,3,4,4,3,2,4,6,5,3,4,4,4,4,4,4,4,3,4,4,4,3,4,4,4,5","1,1,1,1,1,1,1,1,1,1,1,1,1,1,1,1,1,1,1,1,1,1,1,1,1,1,1,1,1,1,1,1"
Experiment A (Native 1000Hz),Respiration (RESP),19,1000.0,3000,789,73.7,True,"4,3,3,4,4,4,4,6,6,4,4,4,4,4,4,4,4,4,4,3,4,3,4,4,4,4,4,4,4,4,4,0","1,1,1,1,1,1,1,1,1,1,1,1,1,1,1,1,1,1,1,1,1,1,1,1,1,1,1,1,1,1,1,1"
Experiment A (Native 1000Hz),Respiration (RESP),20,1000.0,3000,799,73.37,True,"3,3,5,6,4,4,4,3,3,4,3,3,3,4,4,4,4,4,4,4,4,4,4,3,4,4,4,4,5,6,5,3","1,1,1,1,1,1,1,1,1,1,1,1,1,1,1,1,1,1,1,1,1,1,1,1,1,1,1,1,1,1,1,1"
Experiment A (Native 1000Hz),Respiration (RESP),21,1000.0,3000,795,73.5,True,"3,4,4,4,4,4,4,4,4,4,4,4,4,4,4,4,4,4,4,3,4,4,4,5,6,5,4,3,4,3,4,3","1,1,1,1,1,1,1,1,1,1,1,1,1,1,1,1,1,1,1,1,1,1,1,1,1,1,1,1,1,1,1,1"
Experiment A (Native 1000Hz),Respiration (RESP),22,1000.0,3000,781,73.97,True,"4,4,3,3,4,3,3,4,3,2,3,3,4,4,4,4,4,4,5,6,4,4,4,4,4,4,4,4,4,4,3,4","1,1,1,1,1,1,1,1,1,1,1,1,1,1,1,1,1,1,1,1,1,1,1,1,1,1,1,1,1,1,1,1"
Experiment A (Native 1000Hz),Respiration (RESP),23,1000.0,3000,776,74.13,True,"3,3,4,4,3,3,4,4,4,3,4,4,4,6,6,4,4,4,4,4,4,4,4,4,3,3,3,3,3,3,3,3","1,1,1,1,1,1,1,1,1,1,1,1,1,1,1,1,1,1,1,1,1,1,1,1,1,1,1,1,1,1,1,1"
Experiment A (Native 1000Hz),Respiration (RESP),24,1000.0,3000,779,74.03,True,"4,4,3,3,4,3,3,4,6,6,4,4,4,4,3,4,4,3,4,4,4,4,4,4,4,4,3,3,4,4,4,2","1,1,1,1,1,1,1,1,1,1,1,1,1,1,1,1,1,1,1,1,1,1,1,1,1,1,1,1,1,1,1,1"
Experiment A (Native 1000Hz),Respiration (RESP),25,1000.0,3000,796,73.47,True,"4,4,5,6,5,4,4,3,4,4,4,4,4,4,4,4,4,4,4,3,3,3,3,4,3,3,4,3,3,6,5,3","1,1,1,1,1,1,1,1,1,1,1,1,1,1,1,1,1,1,1,1,1,1,1,1,1,1,1,1,1,1,1,1"
Experiment A (Native 1000Hz),Respiration (RESP),26,1000.0,3000,794,73.53,True,"3,3,4,4,4,4,4,4,4,4,4,3,3,4,4,4,4,4,4,3,4,4,4,5,6,5,4,4,4,4,4,4","1,1,1,1,1,1,1,1,1,1,1,1,1,1,1,1,1,1,1,1,1,1,1,1,1,1,1,1,1,1,1,1"
Experiment A (Native 1000Hz),Respiration (RESP),27,1000.0,3000,787,73.77,True,"4,4,4,4,4,4,4,4,4,4,4,3,4,4,4,4,4,3,5,6,5,3,3,3,4,3,4,4,4,3,3,3","1,1,1,1,1,1,1,1,1,1,1,1,1,1,1,1,1,1,1,1,1,1,1,1,1,1,1,1,1,1,1,1"
Experiment A (Native 1000Hz),Respiration (RESP),28,1000.0,3000,793,73.57,True,"4,4,4,4,4,4,4,4,4,4,3,4,4,5,6,4,4,4,4,4,4,4,4,4,4,4,4,4,4,4,3,3","1,1,1,1,1,1,1,1,1,1,1,1,1,1,1,1,1,1,1,1,1,1,1,1,1,1,1,1,1,1,1,1"
Experiment A (Native 1000Hz),Respiration (RESP),29,1000.0,3000,780,74.0,True,"4,4,4,4,4,4,4,4,5,6,4,4,3,3,4,3,4,4,3,3,3,4,3,4,4,3,4,4,4,4,4,4","1,1,1,1,1,1,1,1,1,1,1,1,1,1,1,1,1,1,1,1,1,1,1,1,1,1,1,1,1,1,1,1"
Experiment A (Native 1000Hz),Respiration (RESP),30,1000.0,3000,809,73.03,True,"4,4,4,6,6,4,4,4,4,4,4,4,4,4,4,4,4,4,4,3,4,4,4,4,4,4,4,3,4,6,6,5","1,1,1,1,1,1,1,1,1,1,1,1,1,1,1,1,1,1,1,1,1,1,1,1,1,1,1,1,1,1,1,1"
Experiment A (Native 1000Hz),Respiration (RESP),31,1000.0,3000,768,74.4,True,"4,4,4,4,4,4,4,4,4,3,3,4,3,3,3,3,3,3,3,2,4,3,3,4,6,6,4,4,4,4,4,3","1,1,1,1,1,1,1,1,1,1,1,1,1,1,1,1,1,1,1,1,1,1,1,1,1,1,1,1,1,1,1,1"
Experiment A (Native 1000Hz),Respiration (RESP),32,1000.0,3000,791,73.63,True,"4,4,4,3,4,4,4,4,4,3,4,3,4,3,4,4,4,4,5,6,5,4,4,4,4,4,4,4,4,4,4,2","1,1,1,1,1,1,1,1,1,1,1,1,1,1,1,1,1,1,1,1,1,1,1,1,1,1,1,1,1,1,1,1"
Experiment A (Native 1000Hz),Respiration (RESP),33,1000.0,3000,777,74.1,True,"3,4,4,4,3,4,3,3,4,4,3,3,3,4,6,5,4,3,3,4,4,3,4,4,3,4,3,3,4,4,4,4","1,1,1,1,1,1,1,1,1,1,1,1,1,1,1,1,1,1,1,1,1,1,1,1,1,1,1,1,1,1,1,1"
Experiment A (Native 1000Hz),Respiration (RESP),34,1000.0,3000,801,73.3,True,"4,4,4,4,4,4,4,4,5,6,5,4,4,4,4,4,4,4,4,4,3,4,4,4,4,3,3,4,4,4,4,2","1,1,1,1,1,1,1,1,1,1,1,1,1,1,1,1,1,1,1,1,1,1,1,1,1,1,1,1,1,1,1,1"
Experiment A (Native 1000Hz),Respiration (RESP),35,1000.0,3000,785,73.83,True,"4,3,3,5,6,4,4,4,3,3,3,3,3,4,4,3,4,4,4,4,3,4,3,4,4,4,4,4,3,5,6,6","1,1,1,1,1,1,1,1,1,1,1,1,1,1,1,1,1,1,1,1,1,1,1,1,1,1,1,1,1,1,1,1"
Experiment A (Native 1000Hz),Respiration (RESP),36,1000.0,3000,782,73.93,True,"4,4,4,4,4,4,4,4,4,4,4,3,3,3,4,4,4,4,4,4,4,4,4,4,6,6,5,3,3,3,3,3","1,1,1,1,1,1,1,1,1,1,1,1,1,1,1,1,1,1,1,1,1,1,1,1,1,1,1,1,1,1,1,1"
Experiment A (Native 1000Hz),Respiration (RESP),37,1000.0,3000,782,73.93,True,"4,4,4,4,3,2,3,4,3,3,4,3,4,4,4,4,4,4,4,5,6,4,4,4,4,4,4,4,4,4,4,3","1,1,1,1,1,1,1,1,1,1,1,1,1,1,1,1,1,1,1,1,1,1,1,1,1,1,1,1,1,1,1,1"
Experiment A (Native 1000Hz),Respiration (RESP),38,1000.0,3000,787,73.77,True,"4,4,4,3,4,3,4,4,4,4,4,3,4,4,6,6,4,4,4,4,4,4,4,3,3,3,3,4,3,3,3,3","1,1,1,1,1,1,1,1,1,1,1,1,1,1,1,1,1,1,1,1,1,1,1,1,1,1,1,1,1,1,1,1"
Experiment A (Native 1000Hz),Respiration (RESP),39,1000.0,3000,781,73.97,True,"4,3,3,3,3,4,4,4,4,6,5,4,4,3,4,4,4,4,4,3,3,3,3,4,4,4,4,4,4,4,4,4","1,1,1,1,1,1,1,1,1,1,1,1,1,1,1,1,1,1,1,1,1,1,1,1,1,1,1,1,1,1,1,1"
Experiment A (Native 1000Hz),Respiration (RESP),40,1000.0,3000,806,73.13,True,"4,4,4,5,6,5,4,4,4,4,4,4,4,4,4,4,4,4,4,3,3,4,3,3,3,3,4,4,3,4,6,4","1,1,1,1,1,1,1,1,1,1,1,1,1,1,1,1,1,1,1,1,1,1,1,1,1,1,1,1,1,1,1,1"
Experiment A (Native 1000Hz),Respiration (RESP),41,1000.0,3000,807,73.1,True,"5,4,4,4,4,4,4,4,4,4,4,4,3,4,4,4,3,4,3,4,4,4,4,4,5,6,5,4,4,4,4,4","1,1,1,1,1,1,1,1,1,1,1,1,1,1,1,1,1,1,1,1,1,1,1,1,1,1,1,1,1,1,1,1"
Experiment A (Native 1000Hz),Respiration (RESP),42,1000.0,3000,775,74.17,True,"4,4,4,3,4,3,3,4,4,3,4,4,4,4,3,3,3,3,3,5,6,5,3,3,3,3,3,3,4,4,4,4","1,1,1,1,1,1,1,1,1,1,1,1,1,1,1,1,1,1,1,1,1,1,1,1,1,1,1,1,1,1,1,1"
Experiment A (Native 1000Hz),Respiration (RESP),43,1000.0,3000,790,73.67,True,"4,4,4,3,3,3,4,4,3,4,4,4,4,4,6,6,4,3,4,4,4,4,4,3,4,3,4,4,4,4,4,4","1,1,1,1,1,1,1,1,1,1,1,1,1,1,1,1,1,1,1,1,1,1,1,1,1,1,1,1,1,1,1,1"
Experiment A (Native 1000Hz),Respiration (RESP),44,1000.0,3000,779,74.03,True,"3,4,4,4,4,4,4,4,4,6,5,4,3,3,3,2,3,4,3,4,3,4,3,4,4,4,4,4,4,4,4,4","1,1,1,1,1,1,1,1,1,1,1,1,1,1,1,1,1,1,1,1,1,1,1,1,1,1,1,1,1,1,1,1"
Experiment A (Native 1000Hz),Respiration (RESP),45,1000.0,3000,803,73.23,True,"3,4,3,4,6,5,4,4,4,4,4,4,4,4,4,4,4,4,4,4,4,4,4,4,4,3,4,4,4,4,6,7","1,1,1,1,1,1,1,1,1,1,1,1,1,1,1,1,1,1,1,1,1,1,1,1,1,1,1,1,1,1,1,1"
Experiment A (Native 1000Hz),Respiration (RESP),46,1000.0,3000,781,73.97,True,"5,4,4,3,4,4,3,4,4,3,4,3,2,3,4,3,4,4,3,4,3,4,4,4,4,6,5,4,4,4,4,4","1,1,1,1,1,1,1,1,1,1,1,1,1,1,1,1,1,1,1,1,1,1,1,1,1,1,1,1,1,1,1,1"
Experiment A (Native 1000Hz),Respiration (RESP),47,1000.0,3000,795,73.5,True,"4,4,4,4,3,3,4,4,4,4,4,4,4,4,4,4,4,4,4,5,6,5,4,4,4,3,4,4,4,4,3,4","1,1,1,1,1,1,1,1,1,1,1,1,1,1,1,1,1,1,1,1,1,1,1,1,1,1,1,1,1,1,1,1"
Experiment A (Native 1000Hz),Respiration (RESP),48,1000.0,3000,779,74.03,True,"4,3,3,3,3,3,3,4,4,3,4,3,3,4,5,6,5,4,4,4,4,4,4,4,4,4,4,4,3,3,4,4","1,1,1,1,1,1,1,1,1,1,1,1,1,1,1,1,1,1,1,1,1,1,1,1,1,1,1,1,1,1,1,1"
Experiment A (Native 1000Hz),Respiration (RESP),49,1000.0,3000,792,73.6,True,"4,4,4,4,4,4,4,3,4,5,6,4,4,4,4,4,4,4,4,4,4,4,3,4,4,3,3,4,4,3,3,4","1,1,1,1,1,1,1,1,1,1,1,1,1,1,1,1,1,1,1,1,1,1,1,1,1,1,1,1,1,1,1,1"
Experiment A (Native 1000Hz),Respiration (RESP),50,1000.0,3000,789,73.7,True,"3,4,4,3,5,6,4,3,4,3,3,3,4,4,4,3,3,4,3,4,4,3,4,4,4,3,4,4,4,4,5,6","1,1,1,1,1,1,1,1,1,1,1,1,1,1,1,1,1,1,1,1,1,1,1,1,1,1,1,1,1,1,1,1"
Experiment A (Native 1000Hz),Respiration (RESP),51,1000.0,3000,800,73.33,True,"6,4,4,4,4,4,4,4,3,4,4,4,4,3,4,3,3,4,4,4,4,4,3,4,4,5,6,4,3,3,3,5","1,1,1,1,1,1,1,1,1,1,1,1,1,1,1,1,1,1,1,1,1,1,1,1,1,1,1,1,1,1,1,1"
Experiment A (Native 1000Hz),Respiration (RESP),52,1000.0,3000,781,73.97,True,"4,4,3,4,3,2,3,4,4,4,4,3,4,4,4,4,4,4,4,4,6,6,4,4,4,4,4,4,4,4,4,3","1,1,1,1,1,1,1,1,1,1,1,1,1,1,1,1,1,1,1,1,1,1,1,1,1,1,1,1,1,1,1,1"
Experiment A (Native 1000Hz),Respiration (RESP),53,1000.0,3000,788,73.73,True,"4,3,4,4,3,4,4,4,4,4,4,4,4,4,4,6,5,4,4,4,3,4,4,4,3,4,3,3,3,3,3,3","1,1,1,1,1,1,1,1,1,1,1,1,1,1,1,1,1,1,1,1,1,1,1,1,1,1,1,1,1,1,1,1"
Experiment A (Native 1000Hz),Respiration (RESP),54,1000.0,3000,785,73.83,True,"3,4,3,3,4,4,4,4,4,4,6,5,4,4,4,4,4,3,4,4,4,3,4,3,3,4,3,4,4,4,4,5","1,1,1,1,1,1,1,1,1,1,1,1,1,1,1,1,1,1,1,1,1,1,1,1,1,1,1,1,1,1,1,1"
Experiment A (Native 1000Hz),Respiration (RESP),55,1000.0,3000,783,73.9,True,"4,4,3,4,5,6,5,4,4,4,4,3,4,4,4,4,4,4,3,3,4,3,3,3,3,4,3,3,4,3,4,7","1,1,1,1,1,1,1,1,1,1,1,1,1,1,1,1,1,1,1,1,1,1,1,1,1,1,1,1,1,1,1,1"
Experiment A (Native 1000Hz),Respiration (RESP),56,1000.0,3000,810,73.0,True,"6,5,4,4,4,4,4,4,4,4,3,4,4,4,4,4,3,4,4,4,4,4,4,4,3,5,6,5,4,4,4,4","1,1,1,1,1,1,1,1,1,1,1,1,1,1,1,1,1,1,1,1,1,1,1,1,1,1,1,1,1,1,1,1"
Experiment A (Native 1000Hz),Respiration (RESP),57,1000.0,3000,786,73.8,True,"4,3,4,4,4,4,4,4,4,4,4,4,4,4,3,4,4,3,3,4,5,6,5,4,3,2,3,4,4,4,4,3","1,1,1,1,1,1,1,1,1,1,1,1,1,1,1,1,1,1,1,1,1,1,1,1,1,1,1,1,1,1,1,1"
Experiment A (Native 1000Hz),Respiration (RESP),58,1000.0,3000,795,73.5,True,"4,4,4,4,4,4,3,4,4,4,4,4,4,4,4,5,6,4,4,4,4,3,4,4,4,4,4,4,3,4,4,3","1,1,1,1,1,1,1,1,1,1,1,1,1,1,1,1,1,1,1,1,1,1,1,1,1,1,1,1,1,1,1,1"
Experiment A (Native 1000Hz),Respiration (RESP),59,1000.0,3000,783,73.9,True,"4,3,3,4,4,4,4,4,4,4,5,6,4,4,4,4,3,3,4,3,3,3,4,3,4,4,4,4,4,4,4,3","1,1,1,1,1,1,1,1,1,1,1,1,1,1,1,1,1,1,1,1,1,1,1,1,1,1,1,1,1,1,1,1"
Experiment A (Native 1000Hz),Respiration (RESP),60,1000.0,3000,806,73.13,True,"4,4,4,6,6,4,4,4,4,4,4,4,4,4,4,4,3,4,4,3,3,4,4,3,4,4,4,4,4,6,6,5","1,1,1,1,1,1,1,1,1,1,1,1,1,1,1,1,1,1,1,1,1,1,1,1,1,1,1,1,1,1,1,1"
Experiment A (Native 1000Hz),Respiration (RESP),61,1000.0,3000,781,73.97,True,"4,4,4,4,3,4,4,3,3,3,4,3,3,3,3,3,3,3,4,4,4,4,4,4,6,6,4,3,4,4,4,3","1,1,1,1,1,1,1,1,1,1,1,1,1,1,1,1,1,1,1,1,1,1,1,1,1,1,1,1,1,1,1,1"
Experiment A (Native 1000Hz),Respiration (RESP),62,1000.0,3000,797,73.43,True,"4,3,4,4,4,4,4,4,4,4,4,3,4,4,4,4,4,4,5,6,5,4,4,4,4,4,4,4,4,4,3,3","1,1,1,1,1,1,1,1,1,1,1,1,1,1,1,1,1,1,1,1,1,1,1,1,1,1,1,1,1,1,1,1"
Experiment A (Native 1000Hz),Respiration (RESP),63,1000.0,3000,778,74.07,True,"3,3,3,3,4,3,3,4,4,3,4,3,3,4,6,5,4,4,4,4,4,4,4,4,4,3,4,4,4,3,4,3","1,1,1,1,1,1,1,1,1,1,1,1,1,1,1,1,1,1,1,1,1,1,1,1,1,1,1,1,1,1,1,1"
Experiment A (Native 1000Hz),Respiration (RESP),64,1000.0,3000,791,73.63,True,"3,4,4,4,4,4,4,3,5,6,5,4,4,4,4,4,4,4,4,4,4,4,4,4,4,4,4,4,4,3,3,4","1,1,1,1,1,1,1,1,1,1,1,1,1,1,1,1,1,1,1,1,1,1,1,1,1,1,1,1,1,1,1,1"
Experiment A (Native 1000Hz),Respiration (RESP),65,1000.0,3000,801,73.3,True,"4,2,4,5,6,5,3,3,3,3,3,4,4,4,4,3,4,4,4,4,4,4,4,3,4,4,4,3,4,5,6,5","1,1,1,1,1,1,1,1,1,1,1,1,1,1,1,1,1,1,1,1,1,1,1,1,1,1,1,1,1,1,1,1"
Experiment A (Native 1000Hz),Respiration (RESP),66,1000.0,3000,788,73.73,True,"4,3,4,4,4,3,4,4,3,4,4,3,4,3,3,4,4,3,3,4,4,4,4,4,5,6,5,3,4,3,4,0","1,1,1,1,1,1,1,1,1,1,1,1,1,1,1,1,1,1,1,1,1,1,1,1,1,1,1,1,1,1,1,1"
Experiment A (Native 1000Hz),Respiration (RESP),67,1000.0,3000,788,73.73,True,"3,4,4,3,3,3,3,4,3,3,4,3,3,4,4,4,4,4,4,5,6,4,4,4,4,4,3,4,4,4,4,4","1,1,1,1,1,1,1,1,1,1,1,1,1,1,1,1,1,1,1,1,1,1,1,1,1,1,1,1,1,1,1,1"
Experiment A (Native 1000Hz),Respiration (RESP),68,1000.0,3000,770,74.33,True,"3,4,3,4,3,4,4,4,4,3,4,4,4,4,6,6,4,4,4,4,4,3,4,3,3,3,3,3,3,3,3,4","1,1,1,1,1,1,1,1,1,1,1,1,1,1,1,1,1,1,1,1,1,1,1,1,1,1,1,1,1,1,1,1"
Experiment A (Native 1000Hz),Respiration (RESP),69,1000.0,3000,783,73.9,True,"3,3,3,4,3,4,4,4,4,6,6,4,4,4,4,3,4,4,4,4,3,4,4,4,4,4,4,3,4,4,4,4","1,1,1,1,1,1,1,1,1,1,1,1,1,1,1,1,1,1,1,1,1,1,1,1,1,1,1,1,1,1,1,1"
Experiment A (Native 1000Hz),Respiration (RESP),70,1000.0,3000,789,73.7,True,"4,4,4,4,6,5,4,4,4,4,4,4,4,4,4,4,3,4,3,3,3,3,3,4,4,3,3,3,3,4,6,7","1,1,1,1,1,1,1,1,1,1,1,1,1,1,1,1,1,1,1,1,1,1,1,1,1,1,1,1,1,1,1,1"
Experiment A (Native 1000Hz),Respiration (RESP),71,1000.0,3000,802,73.27,True,"5,4,4,4,4,4,3,4,4,4,4,3,4,4,4,4,4,4,4,4,4,4,4,4,4,6,5,4,4,4,4,3","1,1,1,1,1,1,1,1,1,1,1,1,1,1,1,1,1,1,1,1,1,1,1,1,1,1,1,1,1,1,1,1"
Experiment A (Native 1000Hz),Respiration (RESP),72,1000.0,3000,789,73.7,True,"4,4,4,4,4,4,4,3,4,4,4,4,3,4,4,3,3,4,4,4,6,5,3,3,4,4,4,4,4,4,4,4","1,1,1,1,1,1,1,1,1,1,1,1,1,1,1,1,1,1,1,1,1,1,1,1,1,1,1,1,1,1,1,1"
Experiment A (Native 1000Hz),Respiration (RESP),73,1000.0,3000,798,73.4,True,"4,4,4,4,3,4,4,4,4,3,4,4,4,4,5,6,5,4,4,4,4,4,4,4,4,3,4,4,4,4,3,4","1,1,1,1,1,1,1,1,1,1,1,1,1,1,1,1,1,1,1,1,1,1,1,1,1,1,1,1,1,1,1,1"
Experiment A (Native 1000Hz),Respiration (RESP),74,1000.0,3000,778,74.07,True,"4,4,4,4,3,4,4,3,3,5,6,5,4,3,3,3,3,4,4,3,3,3,4,4,3,3,4,4,4,4,4,3","1,1,1,1,1,1,1,1,1,1,1,1,1,1,1,1,1,1,1,1,1,1,1,1,1,1,1,1,1,1,1,1"
Experiment A (Native 1000Hz),Respiration (RESP),75,1000.0,3000,797,73.43,True,"4,4,3,4,5,6,4,4,4,4,3,4,4,4,4,4,4,4,4,3,4,4,3,3,4,4,4,4,4,4,5,5","1,1,1,1,1,1,1,1,1,1,1,1,1,1,1,1,1,1,1,1,1,1,1,1,1,1,1,1,1,1,1,1"
Experiment A (Native 1000Hz),Respiration (RESP),76,1000.0,3000,789,73.7,True,"6,4,4,4,3,3,3,4,4,4,3,3,3,3,3,2,3,3,4,4,4,4,4,4,4,5,6,5,4,4,4,4","1,1,1,1,1,1,1,1,1,1,1,1,1,1,1,1,1,1,1,1,1,1,1,1,1,1,1,1,1,1,1,1"
Experiment A (Native 1000Hz),Respiration (RESP),77,1000.0,3000,788,73.73,True,"4,3,4,4,4,4,4,4,4,3,4,4,4,4,3,4,4,4,3,4,5,6,4,4,4,4,4,4,4,4,4,3","1,1,1,1,1,1,1,1,1,1,1,1,1,1,1,1,1,1,1,1,1,1,1,1,1,1,1,1,1,1,1,1"
Experiment A (Native 1000Hz),Respiration (RESP),78,1000.0,3000,783,73.9,True,"3,3,4,3,3,3,3,3,3,4,4,4,3,3,4,5,6,5,4,4,4,4,4,4,4,4,4,4,4,4,4,4","1,1,1,1,1,1,1,1,1,1,1,1,1,1,1,1,1,1,1,1,1,1,1,1,1,1,1,1,1,1,1,1"
Experiment A (Native 1000Hz),Respiration (RESP),79,1000.0,3000,791,73.63,True,"4,3,4,4,4,4,4,4,4,4,6,6,4,4,4,4,4,4,4,4,4,3,3,4,3,4,4,4,3,4,3,4","1,1,1,1,1,1,1,1,1,1,1,1,1,1,1,1,1,1,1,1,1,1,1,1,1,1,1,1,1,1,1,1"
Experiment A (Native 1000Hz),Respiration (RESP),80,1000.0,3000,788,73.73,True,"3,3,3,3,4,6,6,4,3,3,4,4,4,4,4,4,4,4,4,3,4,3,4,4,4,4,4,4,4,4,4,4","1,1,1,1,1,1,1,1,1,1,1,1,1,1,1,1,1,1,1,1,1,1,1,1,1,1,1,1,1,1,1,1"
Experiment A (Native 1000Hz),Respiration (RESP),81,1000.0,3000,806,73.13,True,"6,5,4,4,4,4,4,4,4,4,4,4,4,4,4,4,3,3,4,4,4,4,4,4,3,4,6,6,4,4,3,3","1,1,1,1,1,1,1,1,1,1,1,1,1,1,1,1,1,1,1,1,1,1,1,1,1,1,1,1,1,1,1,1"
Experiment A (Native 1000Hz),Respiration (RESP),82,1000.0,3000,787,73.77,True,"4,3,4,4,4,4,3,4,3,3,3,4,3,4,4,4,3,4,3,4,4,6,5,4,4,3,4,4,4,4,4,3","1,1,1,1,1,1,1,1,1,1,1,1,1,1,1,1,1,1,1,1,1,1,1,1,1,1,1,1,1,1,1,1"
Experiment A (Native 1000Hz),Respiration (RESP),83,1000.0,3000,782,73.93,True,"4,4,4,4,4,4,4,3,4,4,4,4,4,4,4,5,6,5,4,4,3,3,4,4,4,4,3,3,4,3,3,0","1,1,1,1,1,1,1,1,1,1,1,1,1,1,1,1,1,1,1,1,1,1,1,1,1,1,1,1,1,1,1,1"
Experiment A (Native 1000Hz),Respiration (RESP),84,1000.0,3000,786,73.8,True,"4,3,3,4,4,4,4,4,4,4,5,6,5,4,4,4,3,4,4,4,3,3,4,4,4,4,3,4,4,4,4,2","1,1,1,1,1,1,1,1,1,1,1,1,1,1,1,1,1,1,1,1,1,1,1,1,1,1,1,1,1,1,1,1"
Experiment A (Native 1000Hz),Respiration (RESP),85,1000.0,3000,783,73.9,True,"3,4,4,4,4,5,6,4,4,4,4,4,3,4,4,4,4,3,4,3,3,4,3,3,3,4,3,4,4,3,4,4","1,1,1,1,1,1,1,1,1,1,1,1,1,1,1,1,1,1,1,1,1,1,1,1,1,1,1,1,1,1,1,1"
Experiment A (Native 1000Hz),Respiration (RESP),86,1000.0,3000,813,72.9,True,"5,6,4,4,3,4,4,4,4,3,4,4,4,4,4,4,4,4,3,4,4,4,4,4,3,4,6,6,4,4,3,4","1,1,1,1,1,1,1,1,1,1,1,1,1,1,1,1,1,1,1,1,1,1,1,1,1,1,1,1,1,1,1,1"
Experiment A (Native 1000Hz),Respiration (RESP),87,1000.0,3000,781,73.97,True,"4,4,4,4,4,4,4,4,4,4,4,4,3,3,4,3,3,4,2,3,3,5,6,5,3,2,4,4,4,4,4,4","1,1,1,1,1,1,1,1,1,1,1,1,1,1,1,1,1,1,1,1,1,1,1,1,1,1,1,1,1,1,1,1"
Experiment A (Native 1000Hz),Respiration (RESP),88,1000.0,3000,789,73.7,True,"4,4,4,4,4,4,4,4,4,4,4,4,4,4,4,4,6,5,4,4,4,4,4,4,4,4,3,4,4,4,4,4","1,1,1,1,1,1,1,1,1,1,1,1,1,1,1,1,1,1,1,1,1,1,1,1,1,1,1,1,1,1,1,1"
Experiment A (Native 1000Hz),Respiration (RESP),89,1000.0,3000,786,73.8,True,"4,4,3,4,4,4,4,4,3,3,4,6,5,3,4,4,4,3,3,4,4,4,3,4,4,3,4,4,4,4,4,3","1,1,1,1,1,1,1,1,1,1,1,1,1,1,1,1,1,1,1,1,1,1,1,1,1,1,1,1,1,1,1,1"
Experiment A (Native 1000Hz),Respiration (RESP),90,1000.0,3000,800,73.33,True,"4,3,4,4,4,5,6,5,4,4,4,4,4,4,4,4,4,4,4,4,3,4,4,3,4,4,4,4,4,4,4,4","1,1,1,1,1,1,1,1,1,1,1,1,1,1,1,1,1,1,1,1,1,1,1,1,1,1,1,1,1,1,1,1"
Experiment A (Native 1000Hz),Respiration (RESP),91,1000.0,3000,799,73.37,True,"5,6,5,4,4,4,3,4,3,3,4,3,3,4,3,3,3,3,3,4,4,4,4,4,4,4,5,6,5,4,4,2","1,1,1,1,1,1,1,1,1,1,1,1,1,1,1,1,1,1,1,1,1,1,1,1,1,1,1,1,1,1,1,1"
Experiment A (Native 1000Hz),Respiration (RESP),92,1000.0,3000,790,73.67,True,"3,4,4,4,4,4,4,4,4,3,4,4,4,3,4,4,4,4,4,4,4,5,6,5,4,4,4,3,3,4,4,4","1,1,1,1,1,1,1,1,1,1,1,1,1,1,1,1,1,1,1,1,1,1,1,1,1,1,1,1,1,1,1,1"
Experiment A (Native 1000Hz),Respiration (RESP),93,1000.0,3000,780,74.0,True,"4,3,4,3,3,4,3,4,3,3,4,3,3,3,4,4,5,6,5,3,4,4,3,4,4,4,4,4,4,4,4,4","1,1,1,1,1,1,1,1,1,1,1,1,1,1,1,1,1,1,1,1,1,1,1,1,1,1,1,1,1,1,1,1"
Experiment A (Native 1000Hz),Respiration (RESP),94,1000.0,3000,785,73.83,True,"4,4,4,3,4,4,4,4,4,3,3,6,6,4,4,4,4,3,4,4,4,4,4,4,4,3,4,3,3,3,3,3","1,1,1,1,1,1,1,1,1,1,1,1,1,1,1,1,1,1,1,1,1,1,1,1,1,1,1,1,1,1,1,1"
Experiment A (Native 1000Hz),Respiration (RESP),95,1000.0,3000,790,73.67,True,"3,3,3,4,3,3,5,6,4,3,4,4,4,4,4,4,4,4,4,4,4,4,4,4,4,4,4,4,4,4,4,4","1,1,1,1,1,1,1,1,1,1,1,1,1,1,1,1,1,1,1,1,1,1,1,1,1,1,1,1,1,1,1,1"
Experiment A (Native 1000Hz),Respiration (RESP),96,1000.0,3000,814,72.87,True,"4,6,5,4,3,4,4,4,4,4,4,4,4,4,4,4,4,4,4,3,4,4,4,4,4,3,3,6,6,4,4,2","1,1,1,1,1,1,1,1,1,1,1,1,1,1,1,1,1,1,1,1,1,1,1,1,1,1,1,1,1,1,1,1"
Experiment A (Native 1000Hz),Respiration (RESP),97,1000.0,3000,790,73.67,True,"3,3,4,4,4,4,4,3,4,4,4,4,4,4,3,3,4,4,4,4,4,4,6,6,4,4,4,4,3,4,4,4","1,1,1,1,1,1,1,1,1,1,1,1,1,1,1,1,1,1,1,1,1,1,1,1,1,1,1,1,1,1,1,1"
Experiment A (Native 1000Hz),Respiration (RESP),98,1000.0,3000,776,74.13,True,"4,3,3,4,4,4,3,3,4,4,4,3,4,4,4,4,4,6,5,4,4,3,3,3,4,3,3,3,3,3,3,3","1,1,1,1,1,1,1,1,1,1,1,1,1,1,1,1,1,1,1,1,1,1,1,1,1,1,1,1,1,1,1,1"
Experiment A (Native 1000Hz),Respiration (RESP),99,1000.0,3000,797,73.43,True,"3,3,4,4,3,4,4,4,4,4,4,5,6,5,4,4,3,4,4,4,4,4,4,4,4,4,4,3,4,4,4,3","1,1,1,1,1,1,1,1,1,1,1,1,1,1,1,1,1,1,1,1,1,1,1,1,1,1,1,1,1,1,1,1"
Experiment A (Native 1000Hz),Respiration (RESP),100,1000.0,3000,783,73.9,True,"4,4,4,4,4,4,5,6,5,4,4,4,4,4,4,4,3,3,3,3,3,4,3,3,3,3,3,3,4,4,3,2","1,1,1,1,1,1,1,1,1,1,1,1,1,1,1,1,1,1,1,1,1,1,1,1,1,1,1,1,1,1,1,1"
Experiment A (Native 1000Hz),Respiration (RESP),101,1000.0,3000,813,72.9,True,"4,5,6,4,4,4,4,4,4,4,4,4,4,4,3,4,3,4,4,4,4,4,4,4,4,4,4,5,6,5,4,3","1,1,1,1,1,1,1,1,1,1,1,1,1,1,1,1,1,1,1,1,1,1,1,1,1,1,1,1,1,1,1,1"
Experiment A (Native 1000Hz),Respiration (RESP),102,1000.0,3000,782,73.93,True,"4,4,4,4,4,3,4,4,4,4,3,4,4,3,3,3,4,3,3,3,4,3,5,6,5,3,3,4,4,4,4,3","1,1,1,1,1,1,1,1,1,1,1,1,1,1,1,1,1,1,1,1,1,1,1,1,1,1,1,1,1,1,1,1"
Experiment A (Native 1000Hz),Respiration (RESP),103,1000.0,3000,790,73.67,True,"4,3,4,4,4,4,3,3,4,3,4,4,3,4,4,4,4,6,6,4,4,4,3,4,4,4,3,3,4,4,4,3","1,1,1,1,1,1,1,1,1,1,1,1,1,1,1,1,1,1,1,1,1,1,1,1,1,1,1,1,1,1,1,1"
Experiment A (Native 1000Hz),Respiration (RESP),104,1000.0,3000,776,74.13,True,"4,3,4,4,4,4,4,4,4,3,3,3,6,6,4,3,4,3,4,3,3,3,4,4,4,4,4,4,4,4,4,4","1,1,1,1,1,1,1,1,1,1,1,1,1,1,1,1,1,1,1,1,1,1,1,1,1,1,1,1,1,1,1,1"
Experiment A (Native 1000Hz),Respiration (RESP),105,1000.0,3000,791,73.63,True,"4,4,4,4,4,4,4,6,5,4,4,4,4,4,4,4,4,3,4,4,3,3,4,4,3,4,4,4,3,4,4,4","1,1,1,1,1,1,1,1,1,1,1,1,1,1,1,1,1,1,1,1,1,1,1,1,1,1,1,1,1,1,1,1"
Experiment A (Native 1000Hz),Respiration (RESP),106,1000.0,3000,785,73.83,True,"4,4,6,5,4,4,3,3,3,3,4,3,3,4,3,2,3,4,2,3,4,4,4,4,4,4,3,4,6,6,4,3","1,1,1,1,1,1,1,1,1,1,1,1,1,1,1,1,1,1,1,1,1,1,1,1,1,1,1,1,1,1,1,1"
Experiment A (Native 1000Hz),Respiration (RESP),107,1000.0,3000,788,73.73,True,"4,4,4,4,4,3,4,4,4,3,4,4,4,3,4,4,4,4,4,4,3,4,4,6,5,3,4,4,4,4,4,3","1,1,1,1,1,1,1,1,1,1,1,1,1,1,1,1,1,1,1,1,1,1,1,1,1,1,1,1,1,1,1,1"
Experiment A (Native 1000Hz),Respiration (RESP),108,1000.0,3000,770,74.33,True,"4,3,3,3,3,3,4,3,3,3,3,3,3,4,4,3,3,5,6,5,4,4,4,4,3,4,4,4,4,4,4,4","1,1,1,1,1,1,1,1,1,1,1,1,1,1,1,1,1,1,1,1,1,1,1,1,1,1,1,1,1,1,1,1"
Experiment A (Native 1000Hz),Respiration (RESP),109,1000.0,3000,783,73.9,True,"4,4,4,3,4,3,3,4,4,4,4,4,5,6,4,4,4,4,3,4,4,4,4,4,3,3,4,4,3,4,3,2","1,1,1,1,1,1,1,1,1,1,1,1,1,1,1,1,1,1,1,1,1,1,1,1,1,1,1,1,1,1,1,1"
Experiment A (Native 1000Hz),Respiration (RESP),110,1000.0,3000,791,73.63,True,"4,4,4,3,4,3,3,5,6,4,4,3,4,4,4,4,4,3,3,4,3,4,4,4,4,4,4,4,4,4,4,4","1,1,1,1,1,1,1,1,1,1,1,1,1,1,1,1,1,1,1,1,1,1,1,1,1,1,1,1,1,1,1,1"
Experiment A (Native 1000Hz),Respiration (RESP),111,1000.0,3000,812,72.93,True,"4,4,6,6,4,4,3,4,4,4,4,4,4,4,4,4,4,4,4,4,3,4,4,4,4,4,4,4,5,6,4,1","1,1,1,1,1,1,1,1,1,1,1,1,1,1,1,1,1,1,1,1,1,1,1,1,1,1,1,1,1,1,1,1"
Experiment A (Native 1000Hz),Respiration (RESP),112,1000.0,3000,782,73.93,True,"3,3,3,3,4,3,4,4,3,4,3,4,4,3,4,3,4,4,4,4,4,4,4,5,6,4,4,4,4,4,4,4","1,1,1,1,1,1,1,1,1,1,1,1,1,1,1,1,1,1,1,1,1,1,1,1,1,1,1,1,1,1,1,1"
Experiment A (Native 1000Hz),Respiration (RESP),113,1000.0,3000,796,73.47,True,"4,4,4,4,4,4,4,4,4,4,4,4,4,4,4,4,4,4,6,6,4,4,4,3,4,4,4,3,3,3,4,3","1,1,1,1,1,1,1,1,1,1,1,1,1,1,1,1,1,1,1,1,1,1,1,1,1,1,1,1,1,1,1,1"
Experiment A (Native 1000Hz),Respiration (RESP),114,1000.0,3000,784,73.87,True,"3,3,3,3,3,3,4,3,4,4,4,3,4,6,6,4,4,3,4,4,4,4,4,4,3,4,4,4,3,4,4,3","1,1,1,1,1,1,1,1,1,1,1,1,1,1,1,1,1,1,1,1,1,1,1,1,1,1,1,1,1,1,1,1"
Experiment A (Native 1000Hz),Respiration (RESP),115,1000.0,3000,768,74.4,True,"4,4,4,4,3,4,3,5,6,5,4,4,4,4,4,4,4,4,4,4,3,3,3,2,3,4,3,3,3,3,4,3","1,1,1,1,1,1,1,1,1,1,1,1,1,1,1,1,1,1,1,1,1,1,1,1,1,1,1,1,1,1,1,1"
Experiment A (Native 1000Hz),Respiration (RESP),116,1000.0,3000,807,73.1,True,"3,3,5,6,5,3,4,3,4,4,4,4,4,4,4,4,4,4,4,4,4,4,4,4,4,4,4,4,5,6,5,3","1,1,1,1,1,1,1,1,1,1,1,1,1,1,1,1,1,1,1,1,1,1,1,1,1,1,1,1,1,1,1,1"
Experiment A (Native 1000Hz),Respiration (RESP),117,1000.0,3000,782,73.93,True,"3,4,4,4,4,4,4,4,3,4,4,3,3,3,4,4,3,3,4,3,3,4,4,5,6,5,4,4,3,3,4,4","1,1,1,1,1,1,1,1,1,1,1,1,1,1,1,1,1,1,1,1,1,1,1,1,1,1,1,1,1,1,1,1"
Experiment A (Native 1000Hz),Respiration (RESP),118,1000.0,3000,797,73.43,True,"4,4,4,4,4,4,4,3,4,3,4,4,4,4,4,4,4,4,5,6,5,4,4,4,4,4,4,4,4,3,4,4","1,1,1,1,1,1,1,1,1,1,1,1,1,1,1,1,1,1,1,1,1,1,1,1,1,1,1,1,1,1,1,1"
Experiment A (Native 1000Hz),Respiration (RESP),119,1000.0,3000,783,73.9,True,"4,4,4,4,4,3,4,4,4,4,4,4,4,5,6,4,4,3,4,4,4,3,3,3,3,3,3,3,4,4,4,4","1,1,1,1,1,1,1,1,1,1,1,1,1,1,1,1,1,1,1,1,1,1,1,1,1,1,1,1,1,1,1,1"
Experiment A (Native 1000Hz),Chest Lead (Vx-RL),0,1000.0,3000,1230,59.0,True,"7,7,7,7,7,7,7,7,7,7,7,7,7,7,7,7,7,7,7,7,7,7,7,7,7,7,7,7,7,8,8,7","1,1,1,1,1,1,1,1,1,1,1,1,1,1,1,1,1,1,1,1,1,1,1,1,1,1,1,1,1,1,1,1"
Experiment A (Native 1000Hz),Chest Lead (Vx-RL),1,1000.0,3000,1230,59.0,True,"7,7,7,7,8,8,7,7,7,7,7,7,7,7,7,7,7,7,7,7,7,7,7,8,7,7,7,7,7,8,8,6","1,1,1,1,1,1,1,1,1,1,1,1,1,1,1,1,1,1,1,1,1,1,1,1,1,1,1,1,1,1,1,1"
Experiment A (Native 1000Hz),Chest Lead (Vx-RL),2,1000.0,3000,1226,59.13,True,"7,7,7,7,7,7,7,7,7,7,7,7,7,7,7,7,7,7,7,7,7,7,7,7,7,7,7,7,7,7,7,8","1,1,1,1,1,1,1,1,1,1,1,1,1,1,1,1,1,1,1,1,1,1,1,1,1,1,1,1,1,1,1,1"
Experiment A (Native 1000Hz),Chest Lead (Vx-RL),3,1000.0,3000,1218,59.4,True,"7,7,7,7,7,7,7,7,7,7,7,7,7,7,7,7,7,7,7,7,7,7,7,7,7,8,7,7,7,7,7,7","1,1,1,1,1,1,1,1,1,1,1,1,1,1,1,1,1,1,1,1,1,1,1,1,1,1,1,1,1,1,1,1"
Experiment A (Native 1000Hz),Chest Lead (Vx-RL),4,1000.0,3000,1219,59.37,True,"7,7,7,7,7,7,7,7,7,7,7,7,7,8,7,7,7,7,7,7,7,7,7,8,7,7,7,7,7,7,7,6","1,1,1,1,1,1,1,1,1,1,1,1,1,1,1,1,1,1,1,1,1,1,1,1,1,1,1,1,1,1,1,1"
Experiment A (Native 1000Hz),Chest Lead (Vx-RL),5,1000.0,3000,1212,59.6,True,"7,7,7,7,7,7,7,7,7,7,7,7,7,7,7,7,7,7,7,7,7,7,7,7,7,7,7,7,7,7,7,7","1,1,1,1,1,1,1,1,1,1,1,1,1,1,1,1,1,1,1,1,1,1,1,1,1,1,1,1,1,1,1,1"
Experiment A (Native 1000Hz),Chest Lead (Vx-RL),6,1000.0,3000,1223,59.23,True,"7,8,7,7,7,7,7,7,7,7,7,7,7,7,7,7,7,7,7,7,7,7,7,7,7,7,7,7,7,7,7,7","1,1,1,1,1,1,1,1,1,1,1,1,1,1,1,1,1,1,1,1,1,1,1,1,1,1,1,1,1,1,1,1"
Experiment A (Native 1000Hz),Chest Lead (Vx-RL),7,1000.0,3000,1220,59.33,True,"7,7,8,7,7,7,7,7,8,7,7,7,7,7,7,7,7,7,7,7,8,7,7,8,7,8,7,7,8,7,7,6","1,1,1,1,1,1,1,1,1,1,1,1,1,1,1,1,1,1,1,1,1,1,1,1,1,1,1,1,1,1,1,1"
Experiment A (Native 1000Hz),Chest Lead (Vx-RL),8,1000.0,3000,1227,59.1,True,"7,7,7,7,7,7,7,7,7,7,8,7,7,7,7,7,7,8,7,7,7,7,7,7,7,7,7,8,7,7,7,7","1,1,1,1,1,1,1,1,1,1,1,1,1,1,1,1,1,1,1,1,1,1,1,1,1,1,1,1,1,1,1,1"
Experiment A (Native 1000Hz),Chest Lead (Vx-RL),9,1000.0,3000,1221,59.3,True,"7,7,7,7,7,7,7,7,7,8,7,7,7,7,7,7,7,8,7,7,7,7,7,7,7,7,8,7,7,7,7,7","1,1,1,1,1,1,1,1,1,1,1,1,1,1,1,1,1,1,1,1,1,1,1,1,1,1,1,1,1,1,1,1"
Experiment A (Native 1000Hz),Chest Lead (Vx-RL),10,1000.0,3000,1222,59.27,True,"7,7,7,7,7,7,7,7,7,7,7,7,7,7,7,7,7,7,7,7,7,7,7,7,7,7,7,7,7,7,7,7","1,1,1,1,1,1,1,1,1,1,1,1,1,1,1,1,1,1,1,1,1,1,1,1,1,1,1,1,1,1,1,1"
Experiment A (Native 1000Hz),Chest Lead (Vx-RL),11,1000.0,3000,1212,59.6,True,"7,7,7,7,7,7,7,7,7,7,7,7,7,7,7,7,7,7,7,7,7,7,7,7,7,7,7,7,7,7,7,5","1,1,1,1,1,1,1,1,1,1,1,1,1,1,1,1,1,1,1,1,1,1,1,1,1,1,1,1,1,1,1,1"
Experiment A (Native 1000Hz),Chest Lead (Vx-RL),12,1000.0,3000,1219,59.37,True,"7,7,7,7,7,7,7,7,7,7,7,7,7,7,7,7,7,7,7,7,7,7,7,7,7,7,7,7,7,7,7,8","1,1,1,1,1,1,1,1,1,1,1,1,1,1,1,1,1,1,1,1,1,1,1,1,1,1,1,1,1,1,1,1"
Experiment A (Native 1000Hz),Chest Lead (Vx-RL),13,1000.0,3000,1214,59.53,True,"7,7,7,7,7,7,7,7,7,7,7,7,7,8,7,7,7,7,7,7,7,7,7,7,7,7,7,7,7,7,7,7","1,1,1,1,1,1,1,1,1,1,1,1,1,1,1,1,1,1,1,1,1,1,1,1,1,1,1,1,1,1,1,1"
Experiment A (Native 1000Hz),Chest Lead (Vx-RL),14,1000.0,3000,1217,59.43,True,"7,7,7,7,7,7,7,7,7,7,7,7,7,7,7,7,7,7,7,7,7,7,7,7,7,7,7,7,7,7,7,8","1,1,1,1,1,1,1,1,1,1,1,1,1,1,1,1,1,1,1,1,1,1,1,1,1,1,1,1,1,1,1,1"
Experiment A (Native 1000Hz),Chest Lead (Vx-RL),15,1000.0,3000,1215,59.5,True,"7,7,7,7,7,7,7,7,7,7,7,7,7,7,7,7,7,7,7,7,7,7,7,7,7,7,7,7,7,7,7,7","1,1,1,1,1,1,1,1,1,1,1,1,1,1,1,1,1,1,1,1,1,1,1,1,1,1,1,1,1,1,1,1"
Experiment A (Native 1000Hz),Chest Lead (Vx-RL),16,1000.0,3000,1216,59.47,True,"7,7,7,7,7,7,7,7,7,7,7,7,7,7,7,7,7,7,7,7,7,7,7,7,7,7,7,7,7,7,7,8","1,1,1,1,1,1,1,1,1,1,1,1,1,1,1,1,1,1,1,1,1,1,1,1,1,1,1,1,1,1,1,1"
Experiment A (Native 1000Hz),Chest Lead (Vx-RL),17,1000.0,3000,1213,59.57,True,"7,7,7,7,7,7,7,7,7,7,7,7,7,7,7,7,7,7,7,7,7,7,7,7,7,7,7,7,7,7,7,6","1,1,1,1,1,1,1,1,1,1,1,1,1,1,1,1,1,1,1,1,1,1,1,1,1,1,1,1,1,1,1,1"
Experiment A (Native 1000Hz),Chest Lead (Vx-RL),18,1000.0,3000,1216,59.47,True,"7,7,7,7,7,7,7,7,7,7,7,7,7,7,7,7,7,7,7,7,7,7,7,7,7,7,7,7,7,7,7,7","1,1,1,1,1,1,1,1,1,1,1,1,1,1,1,1,1,1,1,1,1,1,1,1,1,1,1,1,1,1,1,1"
Experiment A (Native 1000Hz),Chest Lead (Vx-RL),19,1000.0,3000,1214,59.53,True,"7,7,7,7,7,7,7,7,7,7,7,7,7,7,7,7,7,7,7,7,7,7,7,7,7,7,7,7,7,7,7,4","1,1,1,1,1,1,1,1,1,1,1,1,1,1,1,1,1,1,1,1,1,1,1,1,1,1,1,1,1,1,1,1"
Experiment A (Native 1000Hz),Chest Lead (Vx-RL),20,1000.0,3000,1218,59.4,True,"7,7,7,7,7,7,7,7,7,7,7,7,7,7,7,7,7,7,7,7,7,7,7,7,7,7,7,7,7,8,7,8","1,1,1,1,1,1,1,1,1,1,1,1,1,1,1,1,1,1,1,1,1,1,1,1,1,1,1,1,1,1,1,1"
Experiment A (Native 1000Hz),Chest Lead (Vx-RL),21,1000.0,3000,1212,59.6,True,"7,7,7,7,7,7,7,7,7,7,7,7,7,7,7,7,7,7,7,7,7,7,7,8,7,7,7,7,7,7,7,7","1,1,1,1,1,1,1,1,1,1,1,1,1,1,1,1,1,1,1,1,1,1,1,1,1,1,1,1,1,1,1,1"
Experiment A (Native 1000Hz),Chest Lead (Vx-RL),22,1000.0,3000,1215,59.5,True,"7,7,7,7,7,7,7,7,7,7,7,7,7,7,7,7,7,7,7,7,7,7,7,7,7,7,7,7,7,7,7,7","1,1,1,1,1,1,1,1,1,1,1,1,1,1,1,1,1,1,1,1,1,1,1,1,1,1,1,1,1,1,1,1"
Experiment A (Native 1000Hz),Chest Lead (Vx-RL),23,1000.0,3000,1216,59.47,True,"8,7,7,7,7,7,7,7,7,7,7,7,7,8,7,7,7,7,7,7,7,7,7,7,7,7,7,7,7,7,7,8","1,1,1,1,1,1,1,1,1,1,1,1,1,1,1,1,1,1,1,1,1,1,1,1,1,1,1,1,1,1,1,1"
Experiment A (Native 1000Hz),Chest Lead (Vx-RL),24,1000.0,3000,1216,59.47,True,"7,7,7,7,7,7,7,7,7,7,7,7,7,7,7,7,7,7,7,7,7,7,7,7,7,7,7,7,7,7,7,7","1,1,1,1,1,1,1,1,1,1,1,1,1,1,1,1,1,1,1,1,1,1,1,1,1,1,1,1,1,1,1,1"
Experiment A (Native 1000Hz),Chest Lead (Vx-RL),25,1000.0,3000,1217,59.43,True,"7,7,7,7,7,7,7,7,7,7,7,7,7,7,7,7,7,7,7,7,7,7,7,7,7,7,7,7,7,8,7,6","1,1,1,1,1,1,1,1,1,1,1,1,1,1,1,1,1,1,1,1,1,1,1,1,1,1,1,1,1,1,1,1"
Experiment A (Native 1000Hz),Chest Lead (Vx-RL),26,1000.0,3000,1215,59.5,True,"7,7,7,7,7,7,7,7,7,7,7,7,7,7,7,7,7,7,7,7,7,7,7,7,8,7,7,7,7,7,7,6","1,1,1,1,1,1,1,1,1,1,1,1,1,1,1,1,1,1,1,1,1,1,1,1,1,1,1,1,1,1,1,1"
Experiment A (Native 1000Hz),Chest Lead (Vx-RL),27,1000.0,3000,1214,59.53,True,"7,7,7,7,7,7,7,7,7,7,7,7,7,7,7,7,7,7,7,7,7,7,7,7,7,7,7,7,7,7,7,8","1,1,1,1,1,1,1,1,1,1,1,1,1,1,1,1,1,1,1,1,1,1,1,1,1,1,1,1,1,1,1,1"
Experiment A (Native 1000Hz),Chest Lead (Vx-RL),28,1000.0,3000,1213,59.57,True,"7,7,7,7,7,7,7,7,7,7,7,7,7,7,8,7,7,7,7,7,7,7,7,7,7,7,7,7,7,7,7,7","1,1,1,1,1,1,1,1,1,1,1,1,1,1,1,1,1,1,1,1,1,1,1,1,1,1,1,1,1,1,1,1"
Experiment A (Native 1000Hz),Chest Lead (Vx-RL),29,1000.0,3000,1220,59.33,True,"7,7,7,7,7,7,7,7,7,7,7,7,7,7,7,7,7,7,7,7,7,7,7,7,7,7,7,7,7,7,7,7","1,1,1,1,1,1,1,1,1,1,1,1,1,1,1,1,1,1,1,1,1,1,1,1,1,1,1,1,1,1,1,1"
Experiment A (Native 1000Hz),Chest Lead (Vx-RL),30,1000.0,3000,1218,59.4,True,"7,8,7,7,7,7,7,7,7,7,7,7,7,7,7,7,7,7,7,7,7,7,7,7,7,7,7,7,7,7,7,8","1,1,1,1,1,1,1,1,1,1,1,1,1,1,1,1,1,1,1,1,1,1,1,1,1,1,1,1,1,1,1,1"
Experiment A (Native 1000Hz),Chest Lead (Vx-RL),31,1000.0,3000,1218,59.4,True,"7,7,7,7,7,7,7,7,7,7,7,7,7,7,7,7,7,7,7,7,7,7,7,7,7,7,7,7,7,7,7,5","1,1,1,1,1,1,1,1,1,1,1,1,1,1,1,1,1,1,1,1,1,1,1,1,1,1,1,1,1,1,1,1"
Experiment A (Native 1000Hz),Chest Lead (Vx-RL),32,1000.0,3000,1215,59.5,True,"7,7,7,7,7,7,7,7,8,7,7,7,7,7,7,7,7,7,7,7,7,7,7,7,7,7,7,7,7,7,8,6","1,1,1,1,1,1,1,1,1,1,1,1,1,1,1,1,1,1,1,1,1,1,1,1,1,1,1,1,1,1,1,1"
Experiment A (Native 1000Hz),Chest Lead (Vx-RL),33,1000.0,3000,1218,59.4,True,"7,7,7,7,7,7,7,7,7,7,7,7,7,7,7,7,7,7,7,7,7,7,7,7,7,7,7,7,7,7,7,7","1,1,1,1,1,1,1,1,1,1,1,1,1,1,1,1,1,1,1,1,1,1,1,1,1,1,1,1,1,1,1,1"
Experiment A (Native 1000Hz),Chest Lead (Vx-RL),34,1000.0,3000,1217,59.43,True,"7,7,7,7,7,7,7,7,7,7,7,7,7,7,7,7,7,7,7,7,7,7,7,7,7,7,7,7,7,7,7,7","1,1,1,1,1,1,1,1,1,1,1,1,1,1,1,1,1,1,1,1,1,1,1,1,1,1,1,1,1,1,1,1"
Experiment A (Native 1000Hz),Chest Lead (Vx-RL),35,1000.0,3000,1219,59.37,True,"7,7,7,7,7,7,7,7,7,7,7,7,7,7,7,8,7,7,7,7,7,7,7,7,7,7,7,7,7,7,7,7","1,1,1,1,1,1,1,1,1,1,1,1,1,1,1,1,1,1,1,1,1,1,1,1,1,1,1,1,1,1,1,1"
Experiment A (Native 1000Hz),Chest Lead (Vx-RL),36,1000.0,3000,1218,59.4,True,"7,7,7,7,7,7,7,7,7,7,7,7,7,7,7,7,7,7,7,7,7,7,7,7,7,7,7,7,7,7,7,8","1,1,1,1,1,1,1,1,1,1,1,1,1,1,1,1,1,1,1,1,1,1,1,1,1,1,1,1,1,1,1,1"
Experiment A (Native 1000Hz),Chest Lead (Vx-RL),37,1000.0,3000,1219,59.37,True,"7,7,7,7,7,7,7,7,7,7,7,7,7,7,7,7,7,7,7,7,7,7,7,7,7,7,7,7,7,7,7,7","1,1,1,1,1,1,1,1,1,1,1,1,1,1,1,1,1,1,1,1,1,1,1,1,1,1,1,1,1,1,1,1"
Experiment A (Native 1000Hz),Chest Lead (Vx-RL),38,1000.0,3000,1217,59.43,True,"7,7,7,7,7,7,7,7,7,7,7,7,7,7,7,7,7,7,7,7,7,7,7,7,7,7,7,7,7,7,7,8","1,1,1,1,1,1,1,1,1,1,1,1,1,1,1,1,1,1,1,1,1,1,1,1,1,1,1,1,1,1,1,1"
Experiment A (Native 1000Hz),Chest Lead (Vx-RL),39,1000.0,3000,1219,59.37,True,"7,7,7,7,7,7,7,7,7,8,7,7,7,7,7,7,7,7,7,7,7,7,7,7,7,7,7,7,7,7,7,7","1,1,1,1,1,1,1,1,1,1,1,1,1,1,1,1,1,1,1,1,1,1,1,1,1,1,1,1,1,1,1,1"
Experiment A (Native 1000Hz),Chest Lead (Vx-RL),40,1000.0,3000,1221,59.3,True,"7,7,7,7,7,7,7,7,7,7,7,7,7,7,7,7,7,7,7,7,7,7,7,7,7,7,7,7,7,7,7,5","1,1,1,1,1,1,1,1,1,1,1,1,1,1,1,1,1,1,1,1,1,1,1,1,1,1,1,1,1,1,1,1"
Experiment A (Native 1000Hz),Chest Lead (Vx-RL),41,1000.0,3000,1215,59.5,True,"7,7,7,7,7,7,7,7,7,7,7,7,7,7,7,7,7,7,7,7,7,7,7,7,7,7,7,7,7,7,7,6","1,1,1,1,1,1,1,1,1,1,1,1,1,1,1,1,1,1,1,1,1,1,1,1,1,1,1,1,1,1,1,1"
Experiment A (Native 1000Hz),Chest Lead (Vx-RL),42,1000.0,3000,1220,59.33,True,"7,7,7,7,7,7,7,7,7,7,7,7,7,7,7,7,7,7,7,7,7,7,7,7,7,7,7,7,7,7,7,6","1,1,1,1,1,1,1,1,1,1,1,1,1,1,1,1,1,1,1,1,1,1,1,1,1,1,1,1,1,1,1,1"
Experiment A (Native 1000Hz),Chest Lead (Vx-RL),43,1000.0,3000,1216,59.47,True,"7,7,7,7,7,7,7,7,7,7,7,7,7,7,7,7,7,7,7,7,7,7,7,7,7,7,7,7,7,7,7,7","1,1,1,1,1,1,1,1,1,1,1,1,1,1,1,1,1,1,1,1,1,1,1,1,1,1,1,1,1,1,1,1"
Experiment A (Native 1000Hz),Chest Lead (Vx-RL),44,1000.0,3000,1216,59.47,True,"7,7,7,7,7,7,7,7,7,7,7,7,7,7,7,7,7,7,7,7,7,7,7,7,7,7,7,7,7,7,7,7","1,1,1,1,1,1,1,1,1,1,1,1,1,1,1,1,1,1,1,1,1,1,1,1,1,1,1,1,1,1,1,1"
Experiment A (Native 1000Hz),Chest Lead (Vx-RL),45,1000.0,3000,1217,59.43,True,"7,7,7,7,7,7,7,7,7,7,7,7,7,7,7,7,7,7,7,7,7,7,7,7,7,7,7,7,7,7,7,7","1,1,1,1,1,1,1,1,1,1,1,1,1,1,1,1,1,1,1,1,1,1,1,1,1,1,1,1,1,1,1,1"
Experiment A (Native 1000Hz),Chest Lead (Vx-RL),46,1000.0,3000,1217,59.43,True,"7,7,7,7,7,7,7,7,7,7,7,7,7,7,7,7,7,7,7,7,7,7,7,7,7,7,7,7,7,7,7,8","1,1,1,1,1,1,1,1,1,1,1,1,1,1,1,1,1,1,1,1,1,1,1,1,1,1,1,1,1,1,1,1"
Experiment A (Native 1000Hz),Chest Lead (Vx-RL),47,1000.0,3000,1214,59.53,True,"7,7,7,7,7,7,7,7,7,7,7,7,7,7,7,7,7,7,7,7,7,7,7,7,7,7,7,7,7,7,7,6","1,1,1,1,1,1,1,1,1,1,1,1,1,1,1,1,1,1,1,1,1,1,1,1,1,1,1,1,1,1,1,1"
Experiment A (Native 1000Hz),Chest Lead (Vx-RL),48,1000.0,3000,1216,59.47,True,"7,7,7,7,7,7,7,7,7,7,7,7,7,7,7,7,7,7,7,7,7,7,7,7,7,7,7,7,7,7,7,7","1,1,1,1,1,1,1,1,1,1,1,1,1,1,1,1,1,1,1,1,1,1,1,1,1,1,1,1,1,1,1,1"
Experiment A (Native 1000Hz),Chest Lead (Vx-RL),49,1000.0,3000,1212,59.6,True,"7,7,7,7,7,7,7,7,7,7,7,7,7,7,7,7,7,7,7,7,7,7,7,7,7,7,7,7,7,7,7,5","1,1,1,1,1,1,1,1,1,1,1,1,1,1,1,1,1,1,1,1,1,1,1,1,1,1,1,1,1,1,1,1"
Experiment A (Native 1000Hz),Chest Lead (Vx-RL),50,1000.0,3000,1214,59.53,True,"7,7,7,7,7,7,7,7,7,7,7,7,7,7,7,7,7,7,7,7,7,7,7,7,7,7,7,7,7,7,7,7","1,1,1,1,1,1,1,1,1,1,1,1,1,1,1,1,1,1,1,1,1,1,1,1,1,1,1,1,1,1,1,1"
Experiment A (Native 1000Hz),Chest Lead (Vx-RL),51,1000.0,3000,1214,59.53,True,"7,7,7,7,7,7,7,7,7,7,7,7,7,7,7,7,7,7,7,7,7,7,7,7,7,7,7,7,7,7,7,7","1,1,1,1,1,1,1,1,1,1,1,1,1,1,1,1,1,1,1,1,1,1,1,1,1,1,1,1,1,1,1,1"
Experiment A (Native 1000Hz),Chest Lead (Vx-RL),52,1000.0,3000,1217,59.43,True,"7,7,7,7,7,7,7,7,7,7,7,7,7,7,7,7,7,7,7,7,7,8,7,7,7,7,7,7,7,7,7,6","1,1,1,1,1,1,1,1,1,1,1,1,1,1,1,1,1,1,1,1,1,1,1,1,1,1,1,1,1,1,1,1"
Experiment A (Native 1000Hz),Chest Lead (Vx-RL),53,1000.0,3000,1212,59.6,True,"7,7,7,7,7,7,7,7,7,7,7,7,7,7,7,7,7,7,7,7,7,7,7,7,7,7,7,7,7,7,7,3","1,1,1,1,1,1,1,1,1,1,1,1,1,1,1,1,1,1,1,1,1,1,1,1,1,1,1,1,1,1,1,1"
Experiment A (Native 1000Hz),Chest Lead (Vx-RL),54,1000.0,3000,1213,59.57,True,"7,7,7,7,7,7,7,7,7,7,8,7,7,7,7,7,7,7,7,7,7,7,7,7,7,7,7,7,7,7,7,7","1,1,1,1,1,1,1,1,1,1,1,1,1,1,1,1,1,1,1,1,1,1,1,1,1,1,1,1,1,1,1,1"
Experiment A (Native 1000Hz),Chest Lead (Vx-RL),55,1000.0,3000,1218,59.4,True,"7,7,7,7,7,7,7,7,7,7,7,7,7,7,7,7,7,7,7,7,7,7,7,7,7,7,7,7,7,7,7,8","1,1,1,1,1,1,1,1,1,1,1,1,1,1,1,1,1,1,1,1,1,1,1,1,1,1,1,1,1,1,1,1"
Experiment A (Native 1000Hz),Chest Lead (Vx-RL),56,1000.0,3000,1217,59.43,True,"7,7,7,7,7,7,7,7,7,7,7,7,7,7,7,7,7,7,7,7,7,7,7,7,7,7,7,7,7,7,7,6","1,1,1,1,1,1,1,1,1,1,1,1,1,1,1,1,1,1,1,1,1,1,1,1,1,1,1,1,1,1,1,1"
Experiment A (Native 1000Hz),Chest Lead (Vx-RL),57,1000.0,3000,1218,59.4,True,"7,7,7,7,7,7,7,7,7,7,7,7,7,7,7,7,7,7,7,7,7,7,7,7,7,7,7,7,7,7,7,8","1,1,1,1,1,1,1,1,1,1,1,1,1,1,1,1,1,1,1,1,1,1,1,1,1,1,1,1,1,1,1,1"
Experiment A (Native 1000Hz),Chest Lead (Vx-RL),58,1000.0,3000,1215,59.5,True,"7,7,7,7,7,7,7,7,7,7,7,7,7,7,7,7,7,7,7,7,7,7,7,7,7,7,7,7,7,7,7,8","1,1,1,1,1,1,1,1,1,1,1,1,1,1,1,1,1,1,1,1,1,1,1,1,1,1,1,1,1,1,1,1"
Experiment A (Native 1000Hz),Chest Lead (Vx-RL),59,1000.0,3000,1221,59.3,True,"7,7,7,7,7,7,7,7,7,7,7,7,7,7,7,7,7,7,7,7,7,7,8,7,7,7,7,7,7,7,7,7","1,1,1,1,1,1,1,1,1,1,1,1,1,1,1,1,1,1,1,1,1,1,1,1,1,1,1,1,1,1,1,1"
Experiment A (Native 1000Hz),Chest Lead (Vx-RL),60,1000.0,3000,1212,59.6,True,"7,7,7,7,7,7,7,7,7,7,7,7,7,7,7,7,7,7,7,7,7,7,7,7,7,7,7,7,7,7,7,8","1,1,1,1,1,1,1,1,1,1,1,1,1,1,1,1,1,1,1,1,1,1,1,1,1,1,1,1,1,1,1,1"
Experiment A (Native 1000Hz),Chest Lead (Vx-RL),61,1000.0,3000,1215,59.5,True,"7,7,7,7,7,8,7,7,7,7,8,7,7,7,7,7,7,7,7,7,7,7,7,7,7,7,7,7,7,7,7,7","1,1,1,1,1,1,1,1,1,1,1,1,1,1,1,1,1,1,1,1,1,1,1,1,1,1,1,1,1,1,1,1"
Experiment A (Native 1000Hz),Chest Lead (Vx-RL),62,1000.0,3000,1212,59.6,True,"7,7,7,7,7,7,7,7,7,7,7,7,7,7,7,7,7,7,7,7,7,7,7,7,7,7,7,7,7,7,7,7","1,1,1,1,1,1,1,1,1,1,1,1,1,1,1,1,1,1,1,1,1,1,1,1,1,1,1,1,1,1,1,1"
Experiment A (Native 1000Hz),Chest Lead (Vx-RL),63,1000.0,3000,1214,59.53,True,"7,7,7,7,7,7,7,7,7,7,7,7,7,7,7,7,7,7,7,8,7,7,7,7,7,7,7,7,7,7,7,6","1,1,1,1,1,1,1,1,1,1,1,1,1,1,1,1,1,1,1,1,1,1,1,1,1,1,1,1,1,1,1,1"
Experiment A (Native 1000Hz),Chest Lead (Vx-RL),64,1000.0,3000,1216,59.47,True,"7,7,7,7,7,7,7,7,7,7,7,7,7,7,7,7,7,7,7,7,7,7,7,7,7,7,7,7,7,7,7,8","1,1,1,1,1,1,1,1,1,1,1,1,1,1,1,1,1,1,1,1,1,1,1,1,1,1,1,1,1,1,1,1"
Experiment A (Native 1000Hz),Chest Lead (Vx-RL),65,1000.0,3000,1217,59.43,True,"7,7,7,7,7,7,7,7,7,7,7,7,7,7,7,7,7,7,7,7,7,7,7,7,7,7,7,7,7,7,7,7","1,1,1,1,1,1,1,1,1,1,1,1,1,1,1,1,1,1,1,1,1,1,1,1,1,1,1,1,1,1,1,1"
Experiment A (Native 1000Hz),Chest Lead (Vx-RL),66,1000.0,3000,1186,60.47,True,"7,7,7,7,7,7,7,7,7,7,7,7,7,7,7,7,7,7,7,7,7,7,7,7,7,7,7,7,7,7,7,3","1,1,1,1,1,1,1,1,1,1,1,1,1,1,1,1,1,1,1,1,1,1,1,1,1,1,1,1,1,1,1,1"
Experiment A (Native 1000Hz),Chest Lead (Vx-RL),67,1000.0,3000,1185,60.5,True,"7,7,7,7,7,7,7,7,7,7,7,7,7,7,7,7,7,7,7,7,7,7,7,7,7,7,7,7,7,7,7,7","1,1,1,1,1,1,1,1,1,1,1,1,1,1,1,1,1,1,1,1,1,1,1,1,1,1,1,1,1,1,1,1"
Experiment A (Native 1000Hz),Chest Lead (Vx-RL),68,1000.0,3000,1229,59.03,True,"7,7,7,7,7,7,7,7,7,7,7,7,7,7,7,7,7,7,8,7,7,7,8,7,7,7,7,7,7,7,7,6","1,1,1,1,1,1,1,1,1,1,1,1,1,1,1,1,1,1,1,1,1,1,1,1,1,1,1,1,1,1,1,1"
Experiment A (Native 1000Hz),Chest Lead (Vx-RL),69,1000.0,3000,1238,58.73,True,"7,7,7,7,7,7,8,7,7,8,7,8,7,8,8,7,7,7,7,7,7,7,7,7,7,8,7,7,7,7,7,6","1,1,1,1,1,1,1,1,1,1,1,1,1,1,1,1,1,1,1,1,1,1,1,1,1,1,1,1,1,1,1,1"
Experiment A (Native 1000Hz),Chest Lead (Vx-RL),70,1000.0,3000,1244,58.53,True,"8,7,7,7,7,7,8,7,7,7,8,7,7,8,7,7,7,7,8,7,7,7,8,7,8,7,7,7,7,7,8,7","1,1,1,1,1,1,1,1,1,1,1,1,1,1,1,1,1,1,1,1,1,1,1,1,1,1,1,1,1,1,1,1"
Experiment A (Native 1000Hz),Chest Lead (Vx-RL),71,1000.0,3000,1246,58.47,True,"7,7,7,7,7,8,7,8,7,8,8,7,7,8,7,8,7,7,8,8,7,7,8,8,7,7,7,7,8,8,7,6","1,1,1,1,1,1,1,1,1,1,1,1,1,1,1,1,1,1,1,1,1,1,1,1,1,1,1,1,1,1,1,1"
Experiment A (Native 1000Hz),Chest Lead (Vx-RL),72,1000.0,3000,1236,58.8,True,"7,7,7,7,7,7,8,7,7,7,7,7,7,8,7,7,7,7,7,7,7,7,7,7,7,7,8,7,7,7,7,8","1,1,1,1,1,1,1,1,1,1,1,1,1,1,1,1,1,1,1,1,1,1,1,1,1,1,1,1,1,1,1,1"
Experiment A (Native 1000Hz),Chest Lead (Vx-RL),73,1000.0,3000,1238,58.73,True,"8,7,7,7,7,7,7,7,7,7,7,7,7,7,8,8,7,7,7,7,8,7,7,7,8,7,7,8,7,7,7,8","1,1,1,1,1,1,1,1,1,1,1,1,1,1,1,1,1,1,1,1,1,1,1,1,1,1,1,1,1,1,1,1"
Experiment A (Native 1000Hz),Chest Lead (Vx-RL),74,1000.0,3000,1241,58.63,True,"7,7,7,7,7,7,7,7,7,8,7,7,7,7,7,7,7,7,7,7,7,8,7,7,7,8,8,7,7,7,7,8","1,1,1,1,1,1,1,1,1,1,1,1,1,1,1,1,1,1,1,1,1,1,1,1,1,1,1,1,1,1,1,1"
Experiment A (Native 1000Hz),Chest Lead (Vx-RL),75,1000.0,3000,1242,58.6,True,"7,8,7,7,7,8,7,7,7,7,7,7,7,7,7,8,7,7,7,7,7,7,7,7,7,8,8,7,7,7,8,7","1,1,1,1,1,1,1,1,1,1,1,1,1,1,1,1,1,1,1,1,1,1,1,1,1,1,1,1,1,1,1,1"
Experiment A (Native 1000Hz),Chest Lead (Vx-RL),76,1000.0,3000,1242,58.6,True,"7,7,8,8,7,7,8,7,7,8,7,7,7,7,8,7,7,7,7,7,8,7,8,7,7,7,8,7,7,7,7,7","1,1,1,1,1,1,1,1,1,1,1,1,1,1,1,1,1,1,1,1,1,1,1,1,1,1,1,1,1,1,1,1"
Experiment A (Native 1000Hz),Chest Lead (Vx-RL),77,1000.0,3000,1236,58.8,True,"7,8,7,7,7,8,7,7,7,7,7,8,7,7,7,7,8,7,7,7,7,7,7,7,7,8,7,7,7,7,7,7","1,1,1,1,1,1,1,1,1,1,1,1,1,1,1,1,1,1,1,1,1,1,1,1,1,1,1,1,1,1,1,1"
Experiment A (Native 1000Hz),Chest Lead (Vx-RL),78,1000.0,3000,1232,58.93,True,"7,8,7,7,7,7,7,7,7,7,7,7,7,7,7,7,7,7,7,7,7,7,7,8,7,7,8,7,7,7,7,8","1,1,1,1,1,1,1,1,1,1,1,1,1,1,1,1,1,1,1,1,1,1,1,1,1,1,1,1,1,1,1,1"
Experiment A (Native 1000Hz),Chest Lead (Vx-RL),79,1000.0,3000,1237,58.77,True,"7,8,8,7,7,7,7,8,7,8,8,8,7,8,7,7,7,7,7,8,7,7,8,7,8,7,7,7,7,7,7,5","1,1,1,1,1,1,1,1,1,1,1,1,1,1,1,1,1,1,1,1,1,1,1,1,1,1,1,1,1,1,1,1"
Experiment A (Native 1000Hz),Chest Lead (Vx-RL),80,1000.0,3000,1239,58.7,True,"7,8,7,8,7,7,7,7,7,7,7,7,7,7,7,7,7,7,7,7,7,7,7,7,8,7,7,8,8,8,7,7","1,1,1,1,1,1,1,1,1,1,1,1,1,1,1,1,1,1,1,1,1,1,1,1,1,1,1,1,1,1,1,1"
Experiment A (Native 1000Hz),Chest Lead (Vx-RL),81,1000.0,3000,1238,58.73,True,"8,7,8,7,7,7,7,7,8,7,7,7,7,8,7,7,7,7,7,7,7,7,7,7,7,7,7,7,7,7,8,7","1,1,1,1,1,1,1,1,1,1,1,1,1,1,1,1,1,1,1,1,1,1,1,1,1,1,1,1,1,1,1,1"
Experiment A (Native 1000Hz),Chest Lead (Vx-RL),82,1000.0,3000,1238,58.73,True,"7,7,7,7,7,7,7,8,7,7,7,7,7,7,7,7,8,7,7,7,7,8,7,7,7,7,8,7,7,7,8,8","1,1,1,1,1,1,1,1,1,1,1,1,1,1,1,1,1,1,1,1,1,1,1,1,1,1,1,1,1,1,1,1"
Experiment A (Native 1000Hz),Chest Lead (Vx-RL),83,1000.0,3000,1220,59.33,True,"7,7,7,7,7,8,7,8,7,7,7,7,7,7,7,7,7,7,7,7,7,7,7,7,7,7,7,7,7,7,7,0","1,1,1,1,1,1,1,1,1,1,1,1,1,1,1,1,1,1,1,1,1,1,1,1,1,1,1,1,1,1,1,1"
Experiment A (Native 1000Hz),Chest Lead (Vx-RL),84,1000.0,3000,1217,59.43,True,"7,7,7,7,7,7,7,7,7,7,7,7,7,7,7,7,7,7,7,7,7,7,7,7,7,7,7,7,7,7,7,6","1,1,1,1,1,1,1,1,1,1,1,1,1,1,1,1,1,1,1,1,1,1,1,1,1,1,1,1,1,1,1,1"
Experiment A (Native 1000Hz),Chest Lead (Vx-RL),85,1000.0,3000,1219,59.37,True,"7,7,7,7,7,7,8,7,7,7,7,7,7,7,7,7,7,7,7,7,7,7,7,7,7,7,7,7,7,7,7,8","1,1,1,1,1,1,1,1,1,1,1,1,1,1,1,1,1,1,1,1,1,1,1,1,1,1,1,1,1,1,1,1"
Experiment A (Native 1000Hz),Chest Lead (Vx-RL),86,1000.0,3000,1218,59.4,True,"7,7,7,7,7,7,7,7,7,7,7,7,7,7,7,7,7,7,7,8,7,7,7,7,7,7,7,8,7,7,7,8","1,1,1,1,1,1,1,1,1,1,1,1,1,1,1,1,1,1,1,1,1,1,1,1,1,1,1,1,1,1,1,1"
Experiment A (Native 1000Hz),Chest Lead (Vx-RL),87,1000.0,3000,1221,59.3,True,"7,7,7,7,7,7,7,7,7,7,7,7,7,7,7,7,7,7,7,7,7,7,7,7,7,7,8,7,7,7,7,8","1,1,1,1,1,1,1,1,1,1,1,1,1,1,1,1,1,1,1,1,1,1,1,1,1,1,1,1,1,1,1,1"
Experiment A (Native 1000Hz),Chest Lead (Vx-RL),88,1000.0,3000,1217,59.43,True,"7,7,7,7,7,7,7,7,7,7,7,7,7,7,7,7,7,7,7,7,7,7,7,7,7,7,7,7,7,7,7,8","1,1,1,1,1,1,1,1,1,1,1,1,1,1,1,1,1,1,1,1,1,1,1,1,1,1,1,1,1,1,1,1"
Experiment A (Native 1000Hz),Chest Lead (Vx-RL),89,1000.0,3000,1222,59.27,True,"7,7,7,7,7,7,7,7,7,7,7,7,7,7,7,7,7,7,7,7,7,7,8,7,7,7,7,7,7,7,7,8","1,1,1,1,1,1,1,1,1,1,1,1,1,1,1,1,1,1,1,1,1,1,1,1,1,1,1,1,1,1,1,1"
Experiment A (Native 1000Hz),Chest Lead (Vx-RL),90,1000.0,3000,1215,59.5,True,"7,7,7,7,7,7,8,7,7,7,7,7,7,7,7,7,7,7,7,7,7,7,7,7,7,7,7,7,7,7,7,7","1,1,1,1,1,1,1,1,1,1,1,1,1,1,1,1,1,1,1,1,1,1,1,1,1,1,1,1,1,1,1,1"
Experiment A (Native 1000Hz),Chest Lead (Vx-RL),91,1000.0,3000,1220,59.33,True,"7,7,7,7,7,7,7,7,7,7,7,7,7,7,7,7,7,7,7,7,7,7,7,7,7,7,7,7,7,7,7,8","1,1,1,1,1,1,1,1,1,1,1,1,1,1,1,1,1,1,1,1,1,1,1,1,1,1,1,1,1,1,1,1"
Experiment A (Native 1000Hz),Chest Lead (Vx-RL),92,1000.0,3000,1219,59.37,True,"7,7,7,7,7,7,7,7,7,7,7,7,7,7,7,7,7,7,7,7,7,7,7,7,7,8,8,7,7,7,7,7","1,1,1,1,1,1,1,1,1,1,1,1,1,1,1,1,1,1,1,1,1,1,1,1,1,1,1,1,1,1,1,1"
Experiment A (Native 1000Hz),Chest Lead (Vx-RL),93,1000.0,3000,1219,59.37,True,"7,7,7,7,7,7,7,7,7,7,7,7,7,7,7,7,7,7,7,7,7,7,7,7,7,7,7,7,7,7,7,7","1,1,1,1,1,1,1,1,1,1,1,1,1,1,1,1,1,1,1,1,1,1,1,1,1,1,1,1,1,1,1,1"
Experiment A (Native 1000Hz),Chest Lead (Vx-RL),94,1000.0,3000,1217,59.43,True,"7,7,7,7,7,7,7,7,7,7,7,7,8,7,7,7,7,7,7,7,7,7,7,7,7,7,7,7,7,7,7,5","1,1,1,1,1,1,1,1,1,1,1,1,1,1,1,1,1,1,1,1,1,1,1,1,1,1,1,1,1,1,1,1"
Experiment A (Native 1000Hz),Chest Lead (Vx-RL),95,1000.0,3000,1219,59.37,True,"7,7,7,7,7,7,8,7,7,7,7,7,7,7,7,7,7,7,7,7,7,7,7,7,7,7,7,7,7,7,7,7","1,1,1,1,1,1,1,1,1,1,1,1,1,1,1,1,1,1,1,1,1,1,1,1,1,1,1,1,1,1,1,1"
Experiment A (Native 1000Hz),Chest Lead (Vx-RL),96,1000.0,3000,1219,59.37,True,"7,8,7,7,7,7,7,7,7,7,7,7,7,7,7,7,7,7,7,7,7,7,7,7,7,7,7,7,7,7,7,7","1,1,1,1,1,1,1,1,1,1,1,1,1,1,1,1,1,1,1,1,1,1,1,1,1,1,1,1,1,1,1,1"
Experiment A (Native 1000Hz),Chest Lead (Vx-RL),97,1000.0,3000,1218,59.4,True,"7,7,7,7,7,7,7,7,7,7,7,7,7,7,7,7,7,7,7,7,7,7,8,7,7,7,7,7,7,7,7,8","1,1,1,1,1,1,1,1,1,1,1,1,1,1,1,1,1,1,1,1,1,1,1,1,1,1,1,1,1,1,1,1"
Experiment A (Native 1000Hz),Chest Lead (Vx-RL),98,1000.0,3000,1220,59.33,True,"7,7,7,7,7,7,7,7,7,7,7,7,7,7,7,7,7,7,7,7,7,7,8,7,7,7,7,7,7,7,7,7","1,1,1,1,1,1,1,1,1,1,1,1,1,1,1,1,1,1,1,1,1,1,1,1,1,1,1,1,1,1,1,1"
Experiment A (Native 1000Hz),Chest Lead (Vx-RL),99,1000.0,3000,1217,59.43,True,"8,7,7,7,7,7,7,7,7,7,7,7,8,7,7,7,7,7,7,7,7,7,7,7,7,7,7,7,7,7,7,6","1,1,1,1,1,1,1,1,1,1,1,1,1,1,1,1,1,1,1,1,1,1,1,1,1,1,1,1,1,1,1,1"
Experiment A (Native 1000Hz),Chest Lead (Vx-RL),100,1000.0,3000,1220,59.33,True,"7,7,7,8,7,7,7,7,7,7,7,7,7,7,7,7,7,7,7,7,7,7,7,7,7,7,7,7,7,7,7,6","1,1,1,1,1,1,1,1,1,1,1,1,1,1,1,1,1,1,1,1,1,1,1,1,1,1,1,1,1,1,1,1"
Experiment A (Native 1000Hz),Chest Lead (Vx-RL),101,1000.0,3000,1219,59.37,True,"7,7,7,7,7,7,7,7,7,7,7,7,7,8,7,7,7,7,7,7,7,7,7,7,7,7,7,7,8,7,7,6","1,1,1,1,1,1,1,1,1,1,1,1,1,1,1,1,1,1,1,1,1,1,1,1,1,1,1,1,1,1,1,1"
Experiment A (Native 1000Hz),Chest Lead (Vx-RL),102,1000.0,3000,1222,59.27,True,"7,7,7,7,7,7,7,7,7,7,7,7,7,7,7,7,7,7,7,7,7,7,7,7,7,7,7,7,7,7,7,7","1,1,1,1,1,1,1,1,1,1,1,1,1,1,1,1,1,1,1,1,1,1,1,1,1,1,1,1,1,1,1,1"
Experiment A (Native 1000Hz),Chest Lead (Vx-RL),103,1000.0,3000,1220,59.33,True,"7,7,7,7,7,7,7,7,7,7,8,7,7,7,7,7,7,7,7,7,7,7,7,7,7,7,7,7,7,7,7,7","1,1,1,1,1,1,1,1,1,1,1,1,1,1,1,1,1,1,1,1,1,1,1,1,1,1,1,1,1,1,1,1"
Experiment A (Native 1000Hz),Chest Lead (Vx-RL),104,1000.0,3000,1221,59.3,True,"7,7,7,7,7,7,7,7,7,7,7,7,7,7,7,7,7,7,7,7,7,7,7,7,7,7,8,7,7,7,7,7","1,1,1,1,1,1,1,1,1,1,1,1,1,1,1,1,1,1,1,1,1,1,1,1,1,1,1,1,1,1,1,1"
Experiment A (Native 1000Hz),Chest Lead (Vx-RL),105,1000.0,3000,1217,59.43,True,"7,7,7,7,8,7,7,7,7,7,7,7,7,7,7,7,7,7,7,7,7,7,7,7,7,7,7,7,7,7,7,7","1,1,1,1,1,1,1,1,1,1,1,1,1,1,1,1,1,1,1,1,1,1,1,1,1,1,1,1,1,1,1,1"
Experiment A (Native 1000Hz),Chest Lead (Vx-RL),106,1000.0,3000,1221,59.3,True,"7,7,7,8,7,7,7,7,7,7,7,7,7,7,7,7,7,7,7,7,7,7,7,7,7,7,7,7,7,7,7,7","1,1,1,1,1,1,1,1,1,1,1,1,1,1,1,1,1,1,1,1,1,1,1,1,1,1,1,1,1,1,1,1"
Experiment A (Native 1000Hz),Chest Lead (Vx-RL),107,1000.0,3000,1218,59.4,True,"7,7,7,7,7,7,7,7,7,7,7,7,7,7,7,7,7,7,7,7,7,7,7,7,7,7,7,7,7,7,7,8","1,1,1,1,1,1,1,1,1,1,1,1,1,1,1,1,1,1,1,1,1,1,1,1,1,1,1,1,1,1,1,1"
Experiment A (Native 1000Hz),Chest Lead (Vx-RL),108,1000.0,3000,1219,59.37,True,"7,7,7,7,7,7,7,7,7,7,7,7,7,7,7,7,7,7,7,7,7,7,7,7,7,7,7,7,7,7,7,6","1,1,1,1,1,1,1,1,1,1,1,1,1,1,1,1,1,1,1,1,1,1,1,1,1,1,1,1,1,1,1,1"
Experiment A (Native 1000Hz),Chest Lead (Vx-RL),109,1000.0,3000,1216,59.47,True,"7,7,7,7,7,7,7,7,7,7,7,7,7,7,7,7,7,7,8,7,7,7,7,7,7,7,7,7,7,7,7,6","1,1,1,1,1,1,1,1,1,1,1,1,1,1,1,1,1,1,1,1,1,1,1,1,1,1,1,1,1,1,1,1"
Experiment A (Native 1000Hz),Chest Lead (Vx-RL),110,1000.0,3000,1216,59.47,True,"7,7,7,7,7,7,7,7,7,7,7,7,7,7,7,7,7,7,7,7,7,7,7,7,7,7,7,7,7,7,7,5","1,1,1,1,1,1,1,1,1,1,1,1,1,1,1,1,1,1,1,1,1,1,1,1,1,1,1,1,1,1,1,1"
Experiment A (Native 1000Hz),Chest Lead (Vx-RL),111,1000.0,3000,1218,59.4,True,"7,7,7,7,7,7,7,7,7,7,7,7,7,7,7,7,7,7,7,7,7,7,7,7,7,7,7,7,7,7,7,7","1,1,1,1,1,1,1,1,1,1,1,1,1,1,1,1,1,1,1,1,1,1,1,1,1,1,1,1,1,1,1,1"
Experiment A (Native 1000Hz),Chest Lead (Vx-RL),112,1000.0,3000,1217,59.43,True,"7,7,7,7,7,7,7,7,7,7,7,7,7,7,7,7,7,7,7,7,7,7,7,7,7,7,7,7,7,7,7,6","1,1,1,1,1,1,1,1,1,1,1,1,1,1,1,1,1,1,1,1,1,1,1,1,1,1,1,1,1,1,1,1"
Experiment A (Native 1000Hz),Chest Lead (Vx-RL),113,1000.0,3000,1214,59.53,True,"7,7,7,7,7,7,7,7,7,7,7,7,7,7,7,7,7,7,7,7,7,7,7,7,7,7,7,7,7,7,7,7","1,1,1,1,1,1,1,1,1,1,1,1,1,1,1,1,1,1,1,1,1,1,1,1,1,1,1,1,1,1,1,1"
Experiment A (Native 1000Hz),Chest Lead (Vx-RL),114,1000.0,3000,1218,59.4,True,"7,7,7,7,7,7,7,7,7,7,7,7,7,8,7,7,7,7,7,7,7,7,7,7,7,7,7,7,7,7,7,7","1,1,1,1,1,1,1,1,1,1,1,1,1,1,1,1,1,1,1,1,1,1,1,1,1,1,1,1,1,1,1,1"
Experiment A (Native 1000Hz),Chest Lead (Vx-RL),115,1000.0,3000,1217,59.43,True,"7,7,7,7,7,7,7,7,7,7,7,7,7,7,7,7,7,7,7,7,7,7,7,7,7,7,7,7,7,7,7,8","1,1,1,1,1,1,1,1,1,1,1,1,1,1,1,1,1,1,1,1,1,1,1,1,1,1,1,1,1,1,1,1"
Experiment A (Native 1000Hz),Chest Lead (Vx-RL),116,1000.0,3000,1218,59.4,True,"7,7,7,7,7,7,7,7,7,7,7,7,7,7,7,7,7,7,7,7,7,7,7,7,7,7,7,7,7,7,7,7","1,1,1,1,1,1,1,1,1,1,1,1,1,1,1,1,1,1,1,1,1,1,1,1,1,1,1,1,1,1,1,1"
Experiment A (Native 1000Hz),Chest Lead (Vx-RL),117,1000.0,3000,1217,59.43,True,"7,7,7,7,7,7,7,7,7,7,7,7,7,7,7,7,7,7,7,7,7,7,7,7,7,7,7,7,7,7,7,7","1,1,1,1,1,1,1,1,1,1,1,1,1,1,1,1,1,1,1,1,1,1,1,1,1,1,1,1,1,1,1,1"
Experiment A (Native 1000Hz),Chest Lead (Vx-RL),118,1000.0,3000,1215,59.5,True,"7,7,7,7,7,7,7,7,7,7,7,7,7,7,7,7,7,7,7,7,7,7,7,7,7,7,7,7,7,7,7,7","1,1,1,1,1,1,1,1,1,1,1,1,1,1,1,1,1,1,1,1,1,1,1,1,1,1,1,1,1,1,1,1"
Experiment A (Native 1000Hz),Chest Lead (Vx-RL),119,1000.0,3000,1216,59.47,True,"7,7,7,7,7,7,7,7,7,7,7,7,7,7,7,7,7,7,7,7,7,7,7,7,7,7,7,7,7,7,7,8","1,1,1,1,1,1,1,1,1,1,1,1,1,1,1,1,1,1,1,1,1,1,1,1,1,1,1,1,1,1,1,1"
Experiment B (Simulated 500Hz ADS1292R),Lead I (LA-RA),0,500.0,3000,801,73.3,True,"3,3,4,4,4,5,5,4,4,4,4,4,3,3,3,4,4,4,6,4,4,4,4,4,3,3,3,3,4,4,7,7","1,1,1,1,1,0,0,1,0,0,0,1,1,1,1,1,1,1,0,1,1,0,0,1,1,1,1,1,1,1,0,0"
Experiment B (Simulated 500Hz ADS1292R),Lead I (LA-RA),1,500.0,3000,795,73.5,True,"5,4,4,4,3,4,3,3,3,3,4,4,5,4,4,4,5,4,3,3,3,4,4,4,5,5,4,4,4,4,4,2","0,0,0,0,0,1,1,1,1,1,0,1,0,1,0,1,1,1,1,1,1,1,1,1,0,0,1,0,0,1,1,1"
Experiment B (Simulated 500Hz ADS1292R),Lead I (LA-RA),2,500.0,3000,790,73.67,True,"3,3,4,4,4,3,5,4,4,4,4,3,3,3,3,4,4,4,5,5,4,4,4,4,4,4,3,3,4,4,4,3","1,1,1,1,1,1,0,1,0,0,0,1,1,1,1,1,1,1,0,0,1,0,0,0,1,0,0,1,0,0,1,1"
Experiment B (Simulated 500Hz ADS1292R),Lead I (LA-RA),3,500.0,3000,813,72.9,True,"7,4,4,4,4,3,4,3,3,3,4,4,5,5,4,4,4,4,4,3,3,4,3,4,4,5,5,4,4,4,4,3","0,1,0,1,0,1,1,1,1,1,1,1,0,0,1,0,0,0,1,1,1,1,1,0,1,0,0,1,1,0,1,1"
Experiment B (Simulated 500Hz ADS1292R),Lead I (LA-RA),4,500.0,3000,767,74.43,True,"4,3,3,3,3,4,4,5,4,4,4,4,3,3,3,3,4,4,4,5,5,4,4,4,4,3,3,3,3,3,4,3","1,1,1,1,1,1,1,0,0,0,0,0,1,0,1,1,1,1,1,0,0,1,1,0,1,1,1,1,1,1,0,0"
Experiment B (Simulated 500Hz ADS1292R),Lead I (LA-RA),5,500.0,3000,802,73.27,True,"4,7,4,4,4,4,3,4,3,3,3,4,4,4,5,4,4,4,4,3,4,3,3,3,4,4,4,6,4,4,4,5","1,0,1,1,1,0,1,1,1,1,1,1,1,1,0,1,0,0,0,1,1,1,1,0,1,1,1,0,1,0,1,1"
Experiment B (Simulated 500Hz ADS1292R),Lead I (LA-RA),6,500.0,3000,773,74.23,True,"5,3,3,3,3,3,4,4,5,5,4,4,4,4,3,3,3,3,3,4,4,5,5,4,4,4,4,3,4,3,3,4","1,1,1,1,1,1,0,1,0,0,1,0,1,0,1,1,1,1,1,1,1,0,0,1,0,0,0,1,1,1,1,0"
Experiment B (Simulated 500Hz ADS1292R),Lead I (LA-RA),7,500.0,3000,802,73.27,True,"4,4,4,5,5,4,4,4,4,4,3,3,3,4,4,4,5,5,4,4,4,4,3,3,3,3,4,3,3,6,6,4","1,1,1,0,0,1,0,0,1,1,1,1,1,1,1,1,0,0,1,0,0,1,1,1,1,1,1,1,1,0,0,1"
Experiment B (Simulated 500Hz ADS1292R),Lead I (LA-RA),8,500.0,3000,794,73.53,True,"4,4,4,3,3,3,3,3,4,4,4,5,5,4,4,4,4,4,3,3,3,4,4,4,6,5,3,4,5,4,3,3","0,0,0,0,1,0,0,0,1,1,1,0,0,1,0,0,1,0,0,1,1,0,0,1,0,0,1,1,1,1,1,1"
Experiment B (Simulated 500Hz ADS1292R),Lead I (LA-RA),9,500.0,3000,772,74.27,True,"3,3,3,4,4,4,5,5,4,4,4,3,3,3,3,3,4,4,3,6,4,4,4,5,4,3,3,3,3,4,4,3","1,1,1,1,1,1,0,1,0,0,0,0,1,1,1,1,1,1,1,0,0,0,1,0,1,0,1,1,1,0,1,1"
Experiment B (Simulated 500Hz ADS1292R),Lead I (LA-RA),10,500.0,3000,793,73.57,True,"4,5,4,4,4,4,4,3,3,4,3,4,4,4,5,5,4,4,4,3,3,3,3,3,3,4,3,7,4,4,4,4","1,0,1,1,1,0,1,1,1,1,1,1,1,1,0,1,0,0,0,1,1,0,1,1,1,1,1,0,1,0,1,1"
Experiment B (Simulated 500Hz ADS1292R),Lead I (LA-RA),11,500.0,3000,786,73.8,True,"5,4,3,3,3,3,4,4,4,6,4,4,4,4,4,4,3,3,3,4,4,4,6,4,4,4,4,3,4,3,3,3","1,1,1,1,1,1,1,1,1,0,1,1,1,0,1,1,1,1,1,1,1,1,0,1,0,0,0,1,1,1,1,0"
Experiment B (Simulated 500Hz ADS1292R),Lead I (LA-RA),12,500.0,3000,795,73.5,True,"3,4,4,4,6,4,4,4,5,3,4,4,3,3,4,4,4,6,4,4,4,4,3,3,3,3,3,4,4,4,5,4","1,1,1,1,0,1,0,1,1,1,1,1,1,1,0,1,0,0,1,1,1,0,1,1,1,1,1,1,1,1,0,0"
Experiment B (Simulated 500Hz ADS1292R),Lead I (LA-RA),13,500.0,3000,791,73.63,True,"4,4,4,4,3,4,3,4,3,4,4,5,5,4,4,4,4,3,3,3,3,3,4,4,5,5,3,4,4,4,3,3","1,0,0,0,0,1,1,0,1,1,1,0,0,1,1,0,1,1,1,1,1,1,0,1,0,0,1,0,1,0,1,1"
Experiment B (Simulated 500Hz ADS1292R),Lead I (LA-RA),14,500.0,3000,782,73.93,True,"4,3,4,4,4,4,5,5,3,4,4,4,4,3,3,3,4,4,4,5,6,4,4,4,4,3,3,3,3,4,4,4","1,1,1,1,1,1,0,0,0,0,0,0,1,1,1,1,1,1,1,0,0,1,0,1,1,1,1,1,1,1,0,0"
Experiment B (Simulated 500Hz ADS1292R),Lead I (LA-RA),15,500.0,3000,810,73.0,True,"4,5,5,4,4,4,4,4,3,3,3,3,4,4,6,6,4,4,5,4,3,4,4,4,4,4,4,6,5,4,4,4","1,0,0,1,1,0,1,1,1,1,1,1,1,1,0,0,0,0,0,0,0,0,0,1,1,1,1,0,0,1,1,1"
Experiment B (Simulated 500Hz ADS1292R),Lead I (LA-RA),16,500.0,3000,774,74.2,True,"4,3,4,3,3,3,3,4,4,6,4,4,4,4,3,3,3,4,3,3,4,4,5,5,4,4,4,3,4,3,3,2","0,1,1,1,1,1,0,1,1,0,1,0,1,0,1,1,1,1,1,1,1,1,0,0,0,0,0,0,1,1,1,0"
Experiment B (Simulated 500Hz ADS1292R),Lead I (LA-RA),17,500.0,3000,782,73.93,True,"3,4,4,3,6,4,4,4,5,3,3,3,3,3,4,4,3,5,4,4,4,4,4,4,3,3,3,4,4,4,5,5","1,1,0,1,0,1,0,1,0,1,1,1,1,1,1,1,1,0,1,1,1,0,1,1,1,1,1,1,1,1,0,0"
Experiment B (Simulated 500Hz ADS1292R),Lead I (LA-RA),18,500.0,3000,792,73.6,True,"4,4,4,4,4,4,3,3,3,3,4,4,6,4,4,4,5,4,3,3,3,3,4,4,3,6,4,4,4,4,3,3","0,0,0,0,0,0,1,1,1,1,1,1,0,1,0,1,0,1,1,1,1,1,0,1,1,0,0,0,1,0,1,1"
Experiment B (Simulated 500Hz ADS1292R),Lead I (LA-RA),19,500.0,3000,779,74.03,True,"3,3,3,4,4,4,4,6,4,4,4,4,4,3,3,3,3,4,4,4,6,4,4,4,5,4,3,3,3,3,4,3","1,1,1,1,1,1,1,0,1,0,0,0,1,1,1,1,1,1,1,1,0,1,0,1,0,1,1,1,1,1,0,0"
Experiment B (Simulated 500Hz ADS1292R),Lead I (LA-RA),20,500.0,3000,810,73.0,True,"3,6,6,4,4,5,4,4,4,3,3,3,4,4,5,5,4,4,4,4,3,3,3,3,4,4,4,5,5,4,4,4","1,0,0,1,0,0,0,1,1,1,1,1,1,1,0,0,0,0,0,0,1,1,1,1,1,1,1,0,0,1,0,1"
Experiment B (Simulated 500Hz ADS1292R),Lead I (LA-RA),21,500.0,3000,777,74.1,True,"4,4,3,3,3,3,4,4,4,5,5,4,4,4,4,3,4,3,3,4,4,4,5,5,4,4,4,4,3,3,3,3","0,1,1,1,1,1,1,0,1,0,0,1,0,0,0,1,1,1,1,1,1,1,0,0,0,0,0,0,1,1,1,1"
Experiment B (Simulated 500Hz ADS1292R),Lead I (LA-RA),22,500.0,3000,796,73.47,True,"3,4,4,4,6,5,4,4,4,4,3,3,3,3,4,4,3,5,5,4,4,5,4,3,4,3,3,4,4,3,6,7","1,1,0,1,0,0,1,1,0,1,1,1,1,1,1,0,1,0,0,1,0,0,1,1,1,1,1,1,1,1,0,0"
Experiment B (Simulated 500Hz ADS1292R),Lead I (LA-RA),23,500.0,3000,798,73.4,True,"4,4,4,4,3,4,3,3,3,4,4,4,6,5,4,4,4,4,3,3,3,4,4,4,3,6,5,4,4,4,4,4","0,0,0,0,1,1,0,0,1,1,0,1,0,0,1,1,0,1,1,1,1,1,0,0,1,0,1,0,1,0,1,1"
Experiment B (Simulated 500Hz ADS1292R),Lead I (LA-RA),24,500.0,3000,776,74.13,True,"4,3,3,3,4,4,4,5,4,4,4,4,3,3,3,3,3,3,4,4,6,4,4,4,5,4,3,3,3,3,4,4","1,1,1,1,1,1,1,0,0,0,0,0,1,1,1,1,1,1,1,1,0,1,0,1,0,1,1,1,1,1,1,0"
Experiment B (Simulated 500Hz ADS1292R),Lead I (LA-RA),25,500.0,3000,798,73.4,True,"4,4,5,4,4,4,4,4,3,3,3,3,4,4,4,6,4,4,4,4,3,4,3,3,3,4,4,4,6,4,4,4","1,1,0,1,0,0,0,1,1,1,1,1,1,1,1,0,0,0,0,0,1,1,1,1,1,1,1,1,0,1,0,0"
Experiment B (Simulated 500Hz ADS1292R),Lead I (LA-RA),26,500.0,3000,784,73.87,True,"4,4,3,3,3,3,3,3,4,4,5,4,4,4,4,3,3,3,3,4,4,4,4,7,4,4,4,4,3,3,3,3","1,0,1,0,1,0,0,0,1,1,0,1,1,1,0,1,1,1,1,1,1,1,1,0,0,0,0,0,1,1,1,1"
Experiment B (Simulated 500Hz ADS1292R),Lead I (LA-RA),27,500.0,3000,799,73.37,True,"3,3,4,4,5,5,4,4,4,4,3,4,3,4,3,4,4,5,6,4,4,4,5,3,3,3,3,3,4,4,4,7","1,1,1,1,0,0,1,0,0,0,1,0,1,1,1,0,1,0,0,1,0,1,1,1,1,1,1,1,1,1,1,0"
Experiment B (Simulated 500Hz ADS1292R),Lead I (LA-RA),28,500.0,3000,804,73.2,True,"6,4,4,4,4,3,3,3,3,3,4,4,5,5,4,4,5,4,3,3,3,3,4,4,4,5,5,4,4,4,4,3","0,1,1,1,1,1,1,1,1,1,1,1,0,0,1,0,0,0,1,1,1,1,1,0,1,0,0,1,0,1,0,1"
Experiment B (Simulated 500Hz ADS1292R),Lead I (LA-RA),29,500.0,3000,798,73.4,True,"4,3,3,4,3,4,4,6,6,3,4,5,4,4,3,3,3,4,4,4,5,5,4,4,4,4,3,3,3,4,4,3","1,1,1,1,1,1,1,1,0,1,1,1,1,1,1,1,1,1,1,1,0,0,1,1,0,0,1,1,1,1,0,1"
Experiment B (Simulated 500Hz ADS1292R),Lead I (LA-RA),30,500.0,3000,808,73.07,True,"4,5,5,4,4,4,4,4,3,3,3,4,4,4,6,6,3,4,4,4,3,3,3,3,3,4,4,6,5,4,5,4","1,0,0,1,0,0,1,1,1,1,1,1,1,1,0,0,0,0,0,0,0,1,1,1,1,1,1,0,0,1,1,1"
Experiment B (Simulated 500Hz ADS1292R),Lead I (LA-RA),31,500.0,3000,789,73.7,True,"5,4,4,3,3,3,3,4,3,7,4,4,4,5,4,4,3,4,3,4,3,3,5,5,4,4,4,4,4,3,3,3","0,1,1,1,1,1,1,1,1,0,1,1,1,0,1,1,1,1,1,1,1,1,0,0,0,0,0,0,0,0,0,1"
Experiment B (Simulated 500Hz ADS1292R),Lead I (LA-RA),32,500.0,3000,794,73.53,True,"4,4,4,4,6,4,4,4,4,3,3,3,3,4,3,4,3,5,4,4,4,4,4,3,3,3,3,3,4,3,6,5","1,1,1,1,0,1,1,1,0,1,1,1,1,1,1,1,1,0,0,1,1,0,1,1,1,1,1,1,1,1,0,0"
Experiment B (Simulated 500Hz ADS1292R),Lead I (LA-RA),33,500.0,3000,787,73.77,True,"4,4,4,4,4,4,3,3,3,4,4,4,6,4,4,4,5,4,3,3,3,3,4,4,4,5,4,4,4,4,4,4","0,0,0,0,1,0,0,1,1,1,1,1,0,1,0,1,0,1,1,1,1,1,1,1,1,0,1,1,1,0,1,1"
Experiment B (Simulated 500Hz ADS1292R),Lead I (LA-RA),34,500.0,3000,781,73.97,True,"3,3,3,3,3,4,4,7,4,4,4,4,3,3,3,3,3,4,4,3,6,4,4,4,5,4,4,3,3,3,4,4","1,1,1,1,1,1,1,0,0,0,0,0,1,1,0,1,1,1,1,1,0,1,0,1,0,1,1,1,1,1,1,1"
Experiment B (Simulated 500Hz ADS1292R),Lead I (LA-RA),35,500.0,3000,799,73.37,True,"4,5,7,4,4,4,5,3,3,3,3,3,4,4,4,5,4,4,4,4,3,4,3,3,4,4,4,4,6,4,4,4","1,1,0,1,0,1,0,1,1,1,1,1,1,1,1,0,0,0,0,0,1,1,0,0,1,1,1,1,0,1,0,1"
Experiment B (Simulated 500Hz ADS1292R),Lead I (LA-RA),36,500.0,3000,779,74.03,True,"4,4,3,3,3,3,4,4,4,5,5,4,4,4,4,3,4,3,3,3,4,4,5,5,4,4,4,4,4,3,3,3","0,1,1,0,1,0,1,0,1,0,0,1,0,0,0,1,1,1,1,1,1,1,0,0,1,0,0,0,0,0,1,0"
Experiment B (Simulated 500Hz ADS1292R),Lead I (LA-RA),37,500.0,3000,796,73.47,True,"3,4,4,4,5,5,4,4,4,4,4,3,3,3,4,3,4,5,5,4,4,4,4,3,4,3,3,3,4,4,5,8","1,1,1,1,0,0,1,0,0,0,1,1,1,0,0,0,1,0,0,1,0,0,0,1,1,1,1,1,1,1,1,1"
Experiment B (Simulated 500Hz ADS1292R),Lead I (LA-RA),38,500.0,3000,817,72.77,True,"6,4,4,5,4,4,3,3,3,4,4,4,5,5,4,4,4,4,3,3,3,3,3,4,4,5,6,4,4,4,4,3","0,1,1,1,1,1,1,1,1,1,0,1,0,0,1,0,0,0,1,1,1,1,1,0,1,0,0,1,0,1,1,1"
Experiment B (Simulated 500Hz ADS1292R),Lead I (LA-RA),39,500.0,3000,791,73.63,True,"4,3,3,3,4,4,4,6,6,4,4,5,4,3,3,3,3,3,4,4,5,5,4,4,4,4,3,3,3,4,3,3","1,1,1,1,1,1,1,1,0,1,1,1,1,1,1,1,1,1,1,1,0,0,1,1,0,1,1,1,1,0,1,0"
Experiment B (Simulated 500Hz ADS1292R),Lead I (LA-RA),40,500.0,3000,804,73.2,True,"4,4,5,5,4,4,5,4,3,3,3,3,4,4,4,6,6,4,4,5,4,3,3,3,3,4,4,4,5,5,4,3","1,1,0,0,0,0,0,1,1,1,1,1,1,1,1,0,0,0,1,0,1,1,1,1,1,1,1,1,0,0,1,0"
Experiment B (Simulated 500Hz ADS1292R),Lead I (LA-RA),41,500.0,3000,782,73.93,True,"4,4,4,3,3,3,3,4,4,4,5,5,4,4,4,3,3,3,3,3,3,4,3,7,5,4,4,4,4,4,4,2","0,0,0,1,1,1,1,1,1,1,0,0,1,1,0,1,1,1,1,1,1,1,1,0,0,0,0,0,1,0,1,1"
Experiment B (Simulated 500Hz ADS1292R),Lead I (LA-RA),42,500.0,3000,785,73.83,True,"3,3,4,4,4,5,4,4,4,4,4,3,3,3,4,4,4,3,7,4,4,4,4,4,3,3,3,4,3,4,3,4","1,1,1,1,1,0,1,0,0,0,0,1,0,1,0,0,1,1,0,1,1,1,0,1,1,1,1,1,0,0,1,1"
Experiment B (Simulated 500Hz ADS1292R),Lead I (LA-RA),43,500.0,3000,790,73.67,True,"6,4,4,4,4,4,3,3,3,3,4,4,4,6,4,4,4,5,3,3,3,3,3,3,4,4,5,4,4,4,4,4","0,1,0,1,0,1,1,1,1,1,1,0,1,0,1,1,1,0,1,0,1,1,1,0,1,1,0,1,0,1,0,1"
Experiment B (Simulated 500Hz ADS1292R),Lead I (LA-RA),44,500.0,3000,767,74.43,True,"3,4,3,3,3,4,4,5,5,4,4,4,4,3,3,3,3,3,4,4,4,5,4,4,4,4,3,3,3,3,4,3","1,1,1,1,1,0,1,1,0,1,0,1,1,1,1,1,1,1,1,1,1,0,1,0,0,0,1,0,1,1,1,0"
Experiment B (Simulated 500Hz ADS1292R),Lead I (LA-RA),45,500.0,3000,799,73.37,True,"4,4,5,5,4,4,4,4,3,3,3,3,3,4,4,4,7,4,4,4,4,3,3,3,3,3,4,4,4,5,4,3","1,1,0,0,1,0,1,0,1,1,1,1,1,1,1,1,0,1,0,1,0,1,1,1,1,1,1,1,1,0,1,0"
Experiment B (Simulated 500Hz ADS1292R),Lead I (LA-RA),46,500.0,3000,801,73.3,True,"3,4,4,3,4,3,3,4,4,4,6,6,4,4,4,4,3,3,3,3,4,3,4,5,5,4,4,4,4,4,4,3","0,0,0,1,0,1,1,1,0,1,0,0,1,0,1,0,1,1,1,1,1,0,1,1,0,1,0,0,0,1,1,1"
Experiment B (Simulated 500Hz ADS1292R),Lead I (LA-RA),47,500.0,3000,790,73.67,True,"3,3,4,4,4,6,6,4,4,4,4,4,3,3,4,3,4,4,5,5,4,4,4,4,3,3,3,3,3,4,4,3","1,1,1,1,1,0,0,1,0,0,0,1,1,1,1,0,1,1,0,0,1,0,0,0,1,0,1,1,1,0,1,1"
Experiment B (Simulated 500Hz ADS1292R),Lead I (LA-RA),48,500.0,3000,797,73.43,True,"5,5,3,4,4,4,3,3,3,3,4,3,4,5,5,4,4,4,4,4,4,3,3,3,4,4,5,5,4,4,4,4","0,0,0,0,0,1,1,1,1,1,1,1,1,0,0,1,0,0,0,1,1,1,0,0,1,1,0,0,1,0,0,0"
Experiment B (Simulated 500Hz ADS1292R),Lead I (LA-RA),49,500.0,3000,772,74.27,True,"4,3,3,3,3,3,4,4,6,4,4,4,4,4,3,3,3,3,4,4,4,5,5,4,4,4,4,3,3,3,3,4","1,1,0,0,1,0,0,1,0,0,0,1,0,1,1,1,1,1,1,1,1,0,0,1,0,0,1,1,1,1,0,0"
Experiment B (Simulated 500Hz ADS1292R),Lead I (LA-RA),50,500.0,3000,801,73.3,True,"4,4,4,7,4,4,4,4,4,3,3,3,3,4,4,4,5,4,4,4,4,4,3,3,3,3,4,4,3,7,4,5","1,1,1,0,1,1,1,0,1,0,0,1,1,0,0,1,0,0,0,1,0,1,1,1,1,1,1,1,1,0,1,0"
Experiment B (Simulated 500Hz ADS1292R),Lead I (LA-RA),51,500.0,3000,788,73.73,True,"4,4,4,3,3,3,3,3,4,4,3,5,4,4,4,4,3,4,3,4,4,4,4,3,6,4,4,4,5,3,3,4","0,0,0,1,1,0,1,1,1,1,1,0,1,1,1,0,1,0,1,0,1,0,1,1,0,0,1,1,0,1,1,1"
Experiment B (Simulated 500Hz ADS1292R),Lead I (LA-RA),52,500.0,3000,776,74.13,True,"3,3,3,4,4,4,5,4,4,4,4,4,3,3,3,3,4,4,4,6,4,4,4,4,3,3,3,3,4,3,4,2","1,1,1,1,1,1,0,1,0,0,0,1,1,0,1,1,1,1,1,0,1,0,1,0,1,1,1,1,1,0,1,1"
Experiment B (Simulated 500Hz ADS1292R),Lead I (LA-RA),53,500.0,3000,804,73.2,True,"5,7,4,4,4,5,4,4,3,4,3,4,4,4,5,4,4,4,4,4,3,3,3,3,4,4,3,6,4,4,4,5","1,0,1,0,1,0,1,1,1,1,1,1,1,1,0,1,0,0,0,0,1,1,1,1,1,1,1,0,1,0,1,0"
Experiment B (Simulated 500Hz ADS1292R),Lead I (LA-RA),54,500.0,3000,778,74.07,True,"4,4,3,3,3,3,3,4,5,5,4,4,4,4,3,3,3,3,4,4,4,5,5,3,4,4,4,3,3,3,3,2","1,1,1,1,1,1,0,1,0,0,1,0,0,0,1,1,1,1,1,1,1,0,0,1,0,0,0,1,1,1,0,0"
Experiment B (Simulated 500Hz ADS1292R),Lead I (LA-RA),55,500.0,3000,795,73.5,True,"3,4,4,5,5,4,4,4,4,4,3,2,3,4,4,4,5,5,4,4,4,4,3,3,3,3,4,4,4,5,5,4","1,1,1,0,0,1,0,1,1,1,1,1,1,1,1,1,0,0,1,0,0,1,1,1,1,1,1,1,1,0,0,1"
Experiment B (Simulated 500Hz ADS1292R),Lead I (LA-RA),56,500.0,3000,792,73.6,True,"4,4,4,3,4,3,3,3,4,4,4,5,5,4,4,4,4,3,3,3,3,4,4,4,5,6,4,4,5,4,3,2","1,0,0,0,1,1,1,1,1,1,1,0,0,1,0,0,1,1,1,1,1,1,0,1,0,0,1,1,0,1,1,1"
Experiment B (Simulated 500Hz ADS1292R),Lead I (LA-RA),57,500.0,3000,779,74.03,True,"3,3,3,4,4,4,5,5,4,4,4,4,3,3,3,3,4,4,4,6,5,4,4,5,4,4,3,3,3,4,4,3","1,1,1,1,1,1,0,0,0,0,0,1,0,1,0,1,1,1,1,0,0,1,1,0,1,1,1,1,1,1,0,1"
Experiment B (Simulated 500Hz ADS1292R),Lead I (LA-RA),58,500.0,3000,796,73.47,True,"4,5,4,4,4,4,3,3,3,3,3,4,4,3,6,4,4,4,5,4,3,3,3,4,4,4,3,6,5,4,4,3","1,0,0,1,1,0,1,1,1,1,1,1,1,1,0,0,0,0,0,0,1,1,1,0,1,1,1,0,0,1,1,1"
Experiment B (Simulated 500Hz ADS1292R),Lead I (LA-RA),59,500.0,3000,774,74.2,True,"4,4,4,3,3,3,4,4,3,5,4,4,4,5,4,3,3,3,3,4,4,3,5,4,4,4,4,4,3,3,3,3","0,1,1,1,1,1,0,1,1,0,1,1,1,0,1,1,1,1,1,1,1,1,0,1,0,0,0,0,1,1,1,0"
Experiment B (Simulated 500Hz ADS1292R),Lead II (LL-RA),0,500.0,3000,876,70.8,True,"4,4,4,4,4,8,6,4,3,5,4,4,3,4,4,4,5,4,7,4,5,5,5,4,4,3,3,4,5,4,7,8","1,1,1,1,1,1,1,1,0,0,1,1,1,1,1,0,1,1,0,1,1,0,1,1,1,1,1,1,1,1,1,0"
Experiment B (Simulated 500Hz ADS1292R),Lead II (LL-RA),1,500.0,3000,868,71.07,True,"6,4,4,5,4,4,3,3,3,4,5,4,7,5,5,5,5,4,4,4,3,4,5,4,6,7,4,5,5,5,4,4","1,1,0,0,1,1,1,1,1,1,1,1,0,1,1,1,1,1,1,1,1,1,1,1,0,0,1,1,1,1,1,1"
Experiment B (Simulated 500Hz ADS1292R),Lead II (LL-RA),2,500.0,3000,833,72.23,True,"3,3,3,4,5,4,6,5,4,4,5,3,4,3,3,4,4,4,6,6,4,5,5,5,4,3,4,4,4,4,4,3","1,1,1,1,1,1,0,1,0,0,0,1,1,1,1,1,1,1,0,0,1,1,1,1,1,1,1,1,1,1,1,1"
Experiment B (Simulated 500Hz ADS1292R),Lead II (LL-RA),3,500.0,3000,885,70.5,True,"8,5,5,5,5,3,4,3,4,4,4,5,6,7,4,5,5,5,3,4,3,3,4,4,4,6,7,4,5,5,4,4","0,1,1,1,1,1,1,1,1,1,1,1,1,0,1,1,0,1,1,1,1,1,1,1,1,0,0,1,1,1,1,1"
Experiment B (Simulated 500Hz ADS1292R),Lead II (LL-RA),4,500.0,3000,835,72.17,True,"4,3,3,3,4,5,4,7,5,4,4,6,3,4,4,4,3,4,4,6,6,4,5,5,5,4,4,3,3,4,5,4","1,1,1,1,1,1,1,0,0,0,0,1,1,1,1,1,1,1,1,0,0,1,1,0,1,1,1,1,1,1,1,1"
Experiment B (Simulated 500Hz ADS1292R),Lead II (LL-RA),5,500.0,3000,867,71.1,True,"4,8,5,5,5,5,3,4,3,3,3,4,5,4,6,5,4,4,5,3,4,3,3,3,4,4,5,7,5,5,5,5","1,0,1,1,1,1,1,1,1,1,1,1,1,1,0,1,0,0,0,1,1,1,1,1,1,1,1,0,1,1,1,1"
Experiment B (Simulated 500Hz ADS1292R),Lead II (LL-RA),6,500.0,3000,834,72.2,True,"5,3,4,3,3,4,4,4,6,6,4,5,5,5,3,4,3,3,3,4,4,6,6,4,4,4,5,3,3,3,3,4","1,1,1,1,1,1,1,1,0,0,1,1,1,1,1,1,1,1,1,1,1,0,0,1,0,0,0,1,1,1,1,0"
Experiment B (Simulated 500Hz ADS1292R),Lead II (LL-RA),7,500.0,3000,884,70.53,True,"4,5,4,6,6,4,5,5,5,4,3,3,3,3,5,4,6,7,4,5,5,5,4,4,3,3,4,4,4,7,8,4","1,1,1,0,0,1,1,1,1,1,1,1,1,1,1,1,0,0,1,1,0,1,1,1,1,1,1,1,1,1,0,1"
Experiment B (Simulated 500Hz ADS1292R),Lead II (LL-RA),8,500.0,3000,860,71.33,True,"4,4,5,4,3,3,3,3,4,4,4,6,6,4,5,5,4,4,3,3,4,4,5,4,8,6,4,5,5,5,3,3","0,0,0,1,1,1,1,1,1,1,1,0,0,1,0,0,1,1,1,1,1,1,1,1,0,1,1,1,1,1,1,1"
Experiment B (Simulated 500Hz ADS1292R),Lead II (LL-RA),9,500.0,3000,828,72.4,True,"3,3,4,4,5,4,6,5,4,4,5,4,4,3,3,3,4,5,3,6,5,4,5,6,4,4,3,3,3,4,5,4","1,1,1,1,1,1,0,1,0,0,0,1,1,1,1,1,1,1,1,0,1,1,1,0,1,1,1,1,1,1,1,1"
Experiment B (Simulated 500Hz ADS1292R),Lead II (LL-RA),10,500.0,3000,850,71.67,True,"4,6,5,4,5,5,4,3,3,3,3,4,5,4,6,5,4,4,5,4,4,4,3,3,4,5,4,8,5,5,5,3","1,0,1,1,1,1,1,1,1,1,1,1,1,1,0,1,0,0,0,1,1,1,1,1,1,1,1,0,1,1,1,1"
Experiment B (Simulated 500Hz ADS1292R),Lead II (LL-RA),11,500.0,3000,841,71.97,True,"5,4,4,4,3,3,4,5,4,6,5,5,5,6,4,4,3,3,3,4,5,4,8,5,4,4,5,3,4,4,3,4","1,1,1,1,1,1,1,1,1,0,1,1,1,0,1,1,1,1,1,1,1,1,0,1,0,0,0,1,1,1,1,0"
Experiment B (Simulated 500Hz ADS1292R),Lead II (LL-RA),12,500.0,3000,862,71.27,True,"4,4,4,5,7,4,5,5,5,4,4,3,3,4,5,4,5,7,4,5,5,5,4,3,3,3,3,4,5,4,6,6","1,1,1,1,0,1,1,1,1,1,1,1,1,1,1,1,1,0,1,1,1,1,1,1,1,1,1,1,1,1,0,1"
Experiment B (Simulated 500Hz ADS1292R),Lead II (LL-RA),13,500.0,3000,848,71.73,True,"4,4,5,5,3,4,3,3,3,4,4,6,6,4,5,5,5,3,4,3,3,4,4,5,5,7,4,5,5,5,3,4","1,0,0,0,1,1,1,1,1,1,1,0,0,1,1,1,1,1,1,1,1,1,1,1,1,0,1,1,1,1,1,1"
Experiment B (Simulated 500Hz ADS1292R),Lead II (LL-RA),14,500.0,3000,903,69.9,True,"3,13,6,4,5,4,7,7,4,4,5,4,4,4,3,3,3,5,4,7,7,4,5,5,5,3,4,3,3,4,4,4","1,0,1,1,1,1,1,1,0,0,0,0,1,1,1,1,1,1,1,1,0,1,1,1,1,1,1,1,1,1,1,1"
Experiment B (Simulated 500Hz ADS1292R),Lead II (LL-RA),15,500.0,3000,890,70.33,True,"4,6,6,4,5,5,4,4,3,3,3,4,5,4,8,7,4,5,5,5,4,3,3,4,4,4,4,7,7,4,5,5","1,0,0,1,1,0,1,1,1,1,1,1,1,1,1,1,0,0,0,1,1,1,1,1,1,1,1,0,0,1,1,0"
Experiment B (Simulated 500Hz ADS1292R),Lead II (LL-RA),16,500.0,3000,839,72.03,True,"5,4,4,3,3,3,4,4,4,8,5,4,5,5,4,4,3,3,3,4,4,4,6,6,4,4,5,4,3,3,3,4","1,1,1,1,1,1,1,1,1,0,1,1,1,1,1,1,1,1,1,1,1,1,0,0,0,0,0,0,1,1,1,0"
Experiment B (Simulated 500Hz ADS1292R),Lead II (LL-RA),17,500.0,3000,849,71.7,True,"3,4,5,3,7,5,5,5,6,4,4,3,3,3,4,5,3,6,5,4,5,5,4,4,3,4,3,4,4,4,7,6","1,1,1,1,0,1,1,1,1,1,1,1,1,1,1,1,1,0,1,1,0,0,1,1,1,1,1,1,1,1,0,1"
Experiment B (Simulated 500Hz ADS1292R),Lead II (LL-RA),18,500.0,3000,857,71.43,True,"4,4,4,6,4,4,3,3,4,4,4,4,7,5,5,5,5,4,4,3,3,3,4,4,4,7,5,5,5,6,4,4","0,0,0,1,1,1,1,1,1,1,1,1,0,1,1,1,1,1,1,1,1,1,1,1,1,0,1,1,1,1,1,1"
Experiment B (Simulated 500Hz ADS1292R),Lead II (LL-RA),19,500.0,3000,838,72.07,True,"4,3,4,3,4,5,5,7,4,5,4,5,4,4,3,3,3,4,5,4,7,5,5,5,6,4,3,3,3,4,4,4","1,1,1,1,1,1,1,0,0,0,0,0,1,1,1,1,1,1,1,1,0,1,1,1,1,1,1,1,1,1,1,1"
Experiment B (Simulated 500Hz ADS1292R),Lead II (LL-RA),20,500.0,3000,883,70.57,True,"4,7,8,4,5,5,5,3,4,3,3,3,4,4,6,7,4,4,5,5,3,4,3,3,4,4,4,6,7,4,5,5","1,1,0,1,1,1,1,1,1,1,1,1,1,1,1,0,1,0,0,0,1,1,1,1,1,1,1,1,0,1,1,1"
Experiment B (Simulated 500Hz ADS1292R),Lead II (LL-RA),21,500.0,3000,840,72.0,True,"5,5,4,4,3,3,4,5,4,6,6,4,5,5,5,4,3,3,3,4,5,4,6,6,4,4,5,5,4,3,3,3","1,1,1,1,1,1,1,1,1,0,0,1,1,0,1,1,1,1,1,1,1,1,0,0,0,0,0,0,1,1,1,1"
Experiment B (Simulated 500Hz ADS1292R),Lead II (LL-RA),22,500.0,3000,865,71.17,True,"4,4,5,4,7,6,4,5,5,4,4,4,3,3,4,5,4,6,6,4,5,5,4,4,3,3,3,4,4,4,8,8","1,1,1,1,0,1,1,1,1,1,1,1,1,1,1,1,1,0,0,1,0,0,1,1,1,1,1,1,1,1,0,0"
Experiment B (Simulated 500Hz ADS1292R),Lead II (LL-RA),23,500.0,3000,864,71.2,True,"5,5,4,6,4,3,3,4,3,4,4,4,7,6,4,5,6,4,4,3,3,3,4,5,3,8,6,4,5,5,4,4","0,0,0,0,1,1,1,1,1,1,1,1,0,1,1,1,1,1,1,1,1,1,1,1,1,0,1,1,1,1,1,1"
Experiment B (Simulated 500Hz ADS1292R),Lead II (LL-RA),24,500.0,3000,824,72.53,True,"4,3,3,4,4,5,4,7,5,4,4,5,4,4,3,3,4,4,5,4,7,5,5,5,5,4,4,3,2,3,4,3","1,1,1,1,1,1,1,0,1,0,0,1,1,1,1,1,1,1,1,1,0,1,1,1,1,1,1,1,1,1,1,1"
Experiment B (Simulated 500Hz ADS1292R),Lead II (LL-RA),25,500.0,3000,854,71.53,True,"5,4,6,5,5,5,6,3,3,3,3,4,4,5,4,7,5,4,4,5,4,3,3,3,3,4,5,4,7,5,5,5","1,1,0,1,1,1,1,1,1,1,1,1,1,1,1,0,0,0,0,1,1,1,1,1,1,1,1,1,0,1,1,1"
Experiment B (Simulated 500Hz ADS1292R),Lead II (LL-RA),26,500.0,3000,844,71.87,True,"4,6,4,4,3,3,3,4,4,4,6,5,5,5,5,4,4,4,3,4,4,4,5,8,4,4,4,6,3,4,3,3","0,1,1,1,1,1,1,0,1,1,0,1,1,0,1,1,1,1,1,1,1,1,1,0,0,0,0,1,1,1,1,1"
Experiment B (Simulated 500Hz ADS1292R),Lead II (LL-RA),27,500.0,3000,861,71.3,True,"3,3,4,5,6,7,4,5,5,5,4,3,4,3,3,4,4,6,8,4,5,5,5,4,4,2,3,3,4,5,5,7","1,1,1,1,1,0,1,1,0,1,1,1,1,1,1,0,1,1,0,1,1,1,1,1,1,1,1,1,1,1,1,0"
Experiment B (Simulated 500Hz ADS1292R),Lead II (LL-RA),28,500.0,3000,885,70.5,True,"8,4,5,5,5,3,4,3,3,4,5,4,7,7,4,5,5,5,4,3,3,3,4,5,4,6,7,4,5,5,5,4","0,1,1,1,1,1,1,1,1,1,1,1,0,0,1,1,0,1,1,1,1,1,1,1,1,0,0,1,1,1,1,1"
Experiment B (Simulated 500Hz ADS1292R),Lead II (LL-RA),29,500.0,3000,857,71.43,True,"4,4,3,3,4,4,4,7,7,4,5,5,4,4,3,3,3,4,4,4,7,7,4,5,5,5,3,3,3,4,4,5","1,1,1,1,1,1,1,1,1,1,1,1,1,1,1,1,1,1,1,1,0,0,1,1,1,1,1,1,1,1,1,1"
Experiment B (Simulated 500Hz ADS1292R),Lead II (LL-RA),30,500.0,3000,880,70.67,True,"4,6,6,4,5,5,5,4,4,3,3,4,5,4,7,7,4,4,4,4,4,3,3,3,4,5,4,7,7,4,5,5","1,0,0,1,0,0,1,1,1,1,1,1,1,1,0,1,0,0,0,0,1,1,1,1,1,1,1,0,0,1,1,1"
Experiment B (Simulated 500Hz ADS1292R),Lead II (LL-RA),31,500.0,3000,843,71.9,True,"5,4,3,4,3,3,4,5,4,8,5,5,5,5,4,4,3,3,3,4,4,4,6,6,4,4,5,4,4,3,3,4","1,1,1,1,1,1,1,1,1,0,1,1,1,1,1,1,1,1,1,1,1,1,0,0,1,0,0,0,1,1,1,0"
Experiment B (Simulated 500Hz ADS1292R),Lead II (LL-RA),32,500.0,3000,856,71.47,True,"3,4,5,4,7,5,5,5,6,4,4,4,3,3,4,4,4,6,5,4,5,5,4,4,3,3,4,4,5,4,7,6","1,1,1,1,0,1,1,1,1,1,1,1,1,1,1,1,1,0,1,1,0,0,1,1,1,1,1,1,1,1,0,0"
Experiment B (Simulated 500Hz ADS1292R),Lead II (LL-RA),33,500.0,3000,844,71.87,True,"5,4,4,6,3,3,3,3,3,4,4,4,7,5,5,5,5,4,4,3,3,3,4,5,3,6,5,5,5,6,4,4","0,0,0,1,1,1,1,1,1,1,1,1,0,1,1,1,1,1,1,1,1,1,1,1,1,0,1,1,1,1,1,1"
Experiment B (Simulated 500Hz ADS1292R),Lead II (LL-RA),34,500.0,3000,838,72.07,True,"4,3,3,4,4,4,5,8,5,4,4,5,4,4,3,3,4,4,5,4,7,5,5,5,5,4,3,3,3,4,4,5","1,1,1,1,1,1,1,0,1,0,0,1,1,1,1,1,1,1,1,1,0,1,1,1,1,1,1,1,1,1,1,1"
Experiment B (Simulated 500Hz ADS1292R),Lead II (LL-RA),35,500.0,3000,866,71.13,True,"5,5,8,5,5,5,5,3,4,4,3,4,4,5,4,7,5,4,4,5,4,3,3,3,3,4,4,5,7,4,5,5","1,1,0,1,1,1,1,1,1,1,1,1,1,1,1,0,0,0,0,1,1,1,1,1,1,1,1,1,0,1,1,1"
Experiment B (Simulated 500Hz ADS1292R),Lead II (LL-RA),36,500.0,3000,843,71.9,True,"5,5,3,4,3,3,3,4,4,6,6,4,5,5,5,4,3,3,3,4,4,5,6,6,4,4,4,5,3,4,3,3","0,1,1,1,1,1,1,0,1,0,0,1,1,0,1,1,1,1,1,1,1,1,1,0,1,0,0,0,1,1,1,1"
Experiment B (Simulated 500Hz ADS1292R),Lead II (LL-RA),37,500.0,3000,862,71.27,True,"3,4,4,4,7,7,4,5,5,5,3,3,3,3,3,4,4,6,6,4,5,5,5,3,4,3,3,4,5,4,6,8","1,1,1,1,0,0,1,1,1,1,1,1,1,1,1,1,1,0,0,1,1,0,1,1,1,1,1,1,1,1,1,0"
Experiment B (Simulated 500Hz ADS1292R),Lead II (LL-RA),38,500.0,3000,891,70.3,True,"7,4,5,5,5,4,3,3,3,3,4,4,7,7,4,5,5,5,4,3,3,4,4,5,4,7,8,4,5,5,5,4","1,1,1,1,1,1,1,1,1,1,1,1,0,0,1,1,0,1,1,1,1,1,1,1,1,0,0,1,1,1,1,1"
Experiment B (Simulated 500Hz ADS1292R),Lead II (LL-RA),39,500.0,3000,859,71.37,True,"3,3,3,3,4,5,4,7,7,4,5,5,5,4,4,3,3,4,4,4,7,7,4,5,5,5,4,4,3,4,4,4","1,1,1,1,1,1,1,1,1,1,1,1,1,1,1,1,1,1,1,1,0,0,1,1,1,1,1,1,1,1,1,0"
Experiment B (Simulated 500Hz ADS1292R),Lead II (LL-RA),40,500.0,3000,875,70.83,True,"5,4,6,6,4,5,5,4,3,4,4,3,4,5,4,7,7,5,4,5,5,4,3,4,3,4,5,4,6,6,4,4","1,1,0,0,1,1,0,1,1,1,1,1,1,1,1,0,1,1,0,1,1,1,1,1,1,1,1,1,0,0,1,1"
Experiment B (Simulated 500Hz ADS1292R),Lead II (LL-RA),41,500.0,3000,843,71.9,True,"4,5,4,4,3,3,3,4,4,4,6,5,4,5,6,4,3,4,3,3,4,5,4,8,6,5,4,5,4,4,4,4","0,0,1,1,1,1,1,1,1,1,0,1,1,1,0,1,1,1,1,1,1,1,1,0,0,1,0,0,1,1,1,1"
Experiment B (Simulated 500Hz ADS1292R),Lead II (LL-RA),42,500.0,3000,840,72.0,True,"4,3,4,5,4,6,5,5,4,5,4,4,3,3,4,4,5,4,8,5,5,5,6,4,3,3,3,3,4,4,4,4","1,1,1,1,1,0,1,1,0,0,1,1,1,1,1,1,1,1,0,1,1,1,1,1,1,1,1,1,1,1,1,1"
Experiment B (Simulated 500Hz ADS1292R),Lead II (LL-RA),43,500.0,3000,862,71.27,True,"7,5,5,5,6,3,4,4,3,3,4,4,4,7,5,5,4,5,3,3,3,3,3,4,5,4,6,5,5,5,6,4","0,1,1,1,1,1,1,1,1,1,1,1,1,0,1,1,0,0,1,1,1,1,1,0,1,1,0,1,1,1,0,1"
Experiment B (Simulated 500Hz ADS1292R),Lead II (LL-RA),44,500.0,3000,824,72.53,True,"3,4,3,3,3,5,4,5,6,4,5,5,5,4,3,3,3,3,4,5,4,7,5,5,4,5,3,4,3,4,3,2","1,1,1,1,1,1,1,1,0,1,1,0,1,1,1,1,1,1,1,1,1,0,1,1,0,0,1,1,1,1,1,1"
Experiment B (Simulated 500Hz ADS1292R),Lead II (LL-RA),45,500.0,3000,925,69.17,True,"4,5,6,6,4,5,5,5,4,4,3,3,3,4,5,5,8,4,5,5,5,4,3,3,6,13,4,5,5,8,4,5","1,1,1,0,1,1,1,1,1,1,1,1,1,1,1,1,0,1,1,1,1,1,1,1,1,0,1,1,1,1,1,1"
Experiment B (Simulated 500Hz ADS1292R),Lead II (LL-RA),46,500.0,3000,863,71.23,True,"4,4,5,4,4,3,4,4,4,4,7,8,4,5,5,5,3,4,3,3,4,4,4,6,7,4,5,5,5,3,4,3","0,0,0,1,1,1,1,1,1,1,0,0,1,1,1,1,1,1,1,1,1,1,1,1,0,1,1,0,1,1,1,1"
Experiment B (Simulated 500Hz ADS1292R),Lead II (LL-RA),47,500.0,3000,853,71.57,True,"3,3,4,4,4,7,7,4,4,5,5,3,4,3,3,4,5,4,6,7,4,5,5,5,4,3,3,4,4,5,4,4","1,1,1,1,1,0,1,1,0,0,0,1,1,1,1,1,1,1,0,0,1,1,1,1,1,1,1,1,1,1,1,1"
Experiment B (Simulated 500Hz ADS1292R),Lead II (LL-RA),48,500.0,3000,867,71.1,True,"6,6,4,5,5,4,4,4,3,3,4,4,4,6,6,4,4,4,4,3,4,3,3,4,4,4,6,6,4,5,5,5","0,1,1,1,1,1,1,1,1,1,1,1,1,0,0,1,0,0,0,1,1,1,1,0,1,1,0,0,1,1,0,1"
Experiment B (Simulated 500Hz ADS1292R),Lead II (LL-RA),49,500.0,3000,839,72.03,True,"4,4,3,4,3,4,5,4,8,5,4,5,5,4,3,4,3,4,4,5,4,6,6,4,4,4,4,4,3,3,4,4","1,1,1,1,1,1,1,1,0,1,1,1,1,1,1,1,1,1,1,1,1,0,0,1,0,0,0,1,1,1,1,0"
Experiment B (Simulated 500Hz ADS1292R),Lead II (LL-RA),50,500.0,3000,868,71.07,True,"4,4,4,8,5,4,5,6,4,3,4,3,3,4,4,4,7,5,5,5,5,4,3,3,3,3,4,5,4,8,5,4","1,1,1,0,1,1,1,1,1,1,1,1,1,1,1,1,0,1,1,1,0,1,1,1,1,1,1,1,1,0,1,1"
Experiment B (Simulated 500Hz ADS1292R),Lead II (LL-RA),51,500.0,3000,833,72.23,True,"4,4,5,3,3,3,3,3,4,5,4,6,5,4,5,6,4,3,3,3,3,4,5,4,6,5,5,5,6,3,4,4","0,0,0,1,1,1,1,1,1,1,1,0,1,1,1,1,1,1,1,1,1,1,1,1,0,1,1,1,1,1,1,1"
Experiment B (Simulated 500Hz ADS1292R),Lead II (LL-RA),52,500.0,3000,831,72.3,True,"3,3,4,5,5,4,6,5,4,4,4,4,4,3,3,3,4,5,5,7,5,5,5,5,4,4,3,3,3,4,5,3","1,1,1,1,1,1,0,1,0,0,0,1,1,1,1,1,1,1,1,0,1,1,1,1,1,1,1,1,1,1,1,1"
Experiment B (Simulated 500Hz ADS1292R),Lead II (LL-RA),53,500.0,3000,863,71.23,True,"5,8,4,5,5,5,4,4,3,3,3,4,5,5,6,4,4,4,5,3,4,3,3,3,4,5,5,7,5,5,5,6","1,0,1,1,1,1,1,1,1,1,1,1,1,1,0,1,0,0,0,1,1,1,1,1,1,1,1,0,1,1,1,0"
Experiment B (Simulated 500Hz ADS1292R),Lead II (LL-RA),54,500.0,3000,847,71.77,True,"5,3,3,3,4,4,5,5,7,7,4,5,5,5,4,4,4,3,3,4,4,7,7,4,4,5,5,4,3,3,3,3","1,1,1,1,1,1,1,1,0,0,1,1,1,1,1,1,1,1,1,1,1,0,0,1,0,0,0,1,1,1,1,1"
Experiment B (Simulated 500Hz ADS1292R),Lead II (LL-RA),55,500.0,3000,869,71.03,True,"4,5,4,6,6,4,5,5,5,4,3,3,4,4,4,4,6,7,4,5,5,5,3,3,3,3,4,5,4,6,6,3","1,1,1,0,0,1,1,0,1,1,1,1,1,1,1,1,0,0,1,1,0,1,1,1,1,1,1,1,1,0,0,1"
Experiment B (Simulated 500Hz ADS1292R),Lead II (LL-RA),56,500.0,3000,860,71.33,True,"4,4,5,5,4,3,3,3,4,4,4,6,6,4,5,5,4,4,3,3,3,4,5,4,7,8,4,5,5,5,4,2","0,0,0,0,1,1,1,1,1,1,1,0,0,1,1,0,1,1,1,1,1,1,1,1,0,0,1,1,1,1,1,1"
Experiment B (Simulated 500Hz ADS1292R),Lead II (LL-RA),57,500.0,3000,846,71.8,True,"3,3,4,4,5,4,6,6,4,4,5,4,4,4,4,4,4,4,4,8,6,4,5,5,4,3,4,3,3,4,5,4","1,1,1,1,1,1,0,0,0,0,0,0,1,1,1,1,1,1,1,0,1,1,1,1,1,1,1,1,1,1,1,1"
Experiment B (Simulated 500Hz ADS1292R),Lead II (LL-RA),58,500.0,3000,855,71.5,True,"3,6,5,4,5,5,4,4,3,3,3,4,4,3,7,5,4,4,5,4,4,3,3,3,4,4,4,7,6,4,5,4","1,0,1,1,0,0,1,1,1,1,1,1,1,1,0,1,0,0,0,1,1,1,1,1,1,1,1,0,1,1,1,1"
Experiment B (Simulated 500Hz ADS1292R),Lead II (LL-RA),59,500.0,3000,823,72.57,True,"5,4,4,3,3,4,4,5,4,6,5,5,5,5,4,3,3,3,3,4,5,3,6,5,4,4,5,4,3,3,4,4","1,1,1,1,1,1,1,1,1,0,1,1,1,0,1,1,1,1,1,1,1,1,0,1,0,0,0,1,1,1,1,0"
Experiment B (Simulated 500Hz ADS1292R),Respiration (RESP),0,500.0,3000,805,73.17,True,"5,4,3,4,3,7,6,3,4,4,4,3,3,4,4,4,4,3,7,4,4,3,3,3,4,3,3,4,4,4,6,8","1,1,1,1,1,1,1,1,1,1,1,1,1,1,1,1,1,1,1,1,1,1,1,1,1,1,1,1,1,1,1,1"
Experiment B (Simulated 500Hz ADS1292R),Respiration (RESP),1,500.0,3000,797,73.43,True,"5,4,4,4,3,4,3,3,3,3,4,4,7,5,4,4,4,4,4,4,3,4,4,4,5,6,4,3,4,4,3,2","1,1,1,1,1,1,1,1,1,1,1,1,1,1,1,1,1,1,1,1,1,1,1,1,1,1,1,1,1,1,1,1"
Experiment B (Simulated 500Hz ADS1292R),Respiration (RESP),2,500.0,3000,789,73.7,True,"3,3,4,4,4,3,7,5,3,4,4,4,3,4,3,3,3,4,5,6,4,4,4,4,4,4,4,3,4,4,3,3","1,1,1,1,1,1,1,1,1,1,1,1,1,1,1,1,1,1,1,1,1,1,1,1,1,1,1,1,1,1,1,1"
Experiment B (Simulated 500Hz ADS1292R),Respiration (RESP),3,500.0,3000,808,73.07,True,"7,5,3,3,4,3,4,3,3,3,4,4,5,7,4,4,4,4,3,3,3,4,4,4,4,6,6,4,4,4,4,3","1,1,1,1,1,1,1,1,1,1,1,1,1,1,1,1,1,1,1,1,1,1,1,1,1,1,1,1,1,1,1,1"
Experiment B (Simulated 500Hz ADS1292R),Respiration (RESP),4,500.0,3000,793,73.57,True,"4,3,4,3,4,4,3,7,4,4,3,4,3,4,3,3,4,4,4,5,7,3,3,4,4,3,3,3,4,4,4,3","1,1,1,1,1,1,1,1,1,1,1,1,1,1,1,1,1,1,1,1,1,1,1,1,1,1,1,1,1,1,1,1"
Experiment B (Simulated 500Hz ADS1292R),Respiration (RESP),5,500.0,3000,797,73.43,True,"4,7,5,3,4,4,3,3,3,3,4,4,4,3,7,4,4,4,4,4,4,3,3,3,4,4,4,7,4,4,4,4","1,1,1,1,1,1,1,1,1,1,1,1,1,1,1,1,1,1,1,1,1,1,1,1,1,1,1,1,1,1,1,1"
Experiment B (Simulated 500Hz ADS1292R),Respiration (RESP),6,500.0,3000,790,73.67,True,"4,3,4,3,3,4,4,3,5,7,4,4,3,4,3,4,3,3,4,4,4,5,6,4,3,4,4,4,4,3,3,3","1,1,1,1,1,1,1,1,1,1,1,1,1,1,1,1,1,1,1,1,1,1,1,1,1,1,1,1,1,1,1,1"
Experiment B (Simulated 500Hz ADS1292R),Respiration (RESP),7,500.0,3000,821,72.63,True,"4,4,4,6,6,4,4,4,4,3,4,4,3,3,4,3,6,6,4,3,4,4,4,4,3,3,3,4,3,6,6,3","1,1,1,1,1,1,1,1,1,1,1,1,1,1,1,1,1,1,1,1,1,1,1,1,1,1,1,1,1,1,1,1"
Experiment B (Simulated 500Hz ADS1292R),Respiration (RESP),8,500.0,3000,794,73.53,True,"4,4,4,3,3,4,3,3,3,3,4,6,6,4,4,4,4,4,3,3,4,4,4,4,6,5,4,4,4,3,3,4","1,1,1,1,1,1,1,1,1,1,1,1,1,1,1,1,1,1,1,1,1,1,1,1,1,1,1,1,1,1,1,1"
Experiment B (Simulated 500Hz ADS1292R),Respiration (RESP),9,500.0,3000,785,73.83,True,"3,3,3,3,4,3,7,5,3,4,4,4,4,3,3,4,3,4,3,7,5,4,3,4,3,3,3,4,4,4,4,3","1,1,1,1,1,1,1,1,1,1,1,1,1,1,1,1,1,1,1,1,1,1,1,1,1,1,1,1,1,1,1,1"
Experiment B (Simulated 500Hz ADS1292R),Respiration (RESP),10,500.0,3000,808,73.07,True,"4,7,5,4,3,4,4,4,3,3,3,4,4,4,7,5,3,4,4,3,4,4,3,3,4,4,3,7,5,4,3,3","1,1,1,1,1,1,1,1,1,1,1,1,1,1,1,1,1,1,1,1,1,1,1,1,1,1,1,1,1,1,1,1"
Experiment B (Simulated 500Hz ADS1292R),Respiration (RESP),11,500.0,3000,787,73.77,True,"4,3,4,3,3,3,3,3,4,7,5,4,4,4,4,3,3,3,3,3,4,4,7,5,4,4,4,3,3,4,4,3","1,1,1,1,1,1,1,1,1,1,1,1,1,1,1,1,1,1,1,1,1,1,1,1,1,1,1,1,1,1,1,1"
Experiment B (Simulated 500Hz ADS1292R),Respiration (RESP),12,500.0,3000,803,73.23,True,"4,4,4,4,7,4,4,4,4,3,4,3,4,3,4,4,5,7,4,4,4,4,3,4,3,3,3,4,4,4,7,5","1,1,1,1,1,1,1,1,1,1,1,1,1,1,1,1,1,1,1,1,1,1,1,1,1,1,1,1,1,1,1,1"
Experiment B (Simulated 500Hz ADS1292R),Respiration (RESP),13,500.0,3000,796,73.47,True,"4,4,4,4,3,3,3,3,4,4,4,5,7,4,3,4,4,3,3,3,3,3,4,4,5,7,4,4,4,4,3,4","1,1,1,1,1,1,1,1,1,1,1,1,1,1,1,1,1,1,1,1,1,1,1,1,1,1,1,1,1,1,1,1"
Experiment B (Simulated 500Hz ADS1292R),Respiration (RESP),14,500.0,3000,790,73.67,True,"4,4,4,4,4,4,5,6,4,3,4,4,4,3,3,3,4,4,3,6,6,4,3,4,4,3,3,3,4,3,3,3","1,1,1,1,1,1,1,1,1,1,1,1,1,1,1,1,1,1,1,1,1,1,1,1,1,1,1,1,1,1,1,1"
Experiment B (Simulated 500Hz ADS1292R),Respiration (RESP),15,500.0,3000,816,72.8,True,"4,6,6,4,4,4,3,4,3,3,4,4,4,3,6,6,4,4,4,4,3,3,3,3,4,3,4,5,6,4,4,3","1,1,1,1,1,1,1,1,1,1,1,1,1,1,1,1,1,1,1,1,1,1,1,1,1,1,1,1,1,1,1,1"
Experiment B (Simulated 500Hz ADS1292R),Respiration (RESP),16,500.0,3000,791,73.63,True,"4,4,3,4,3,3,4,4,3,7,5,4,3,4,4,4,4,3,3,3,4,3,6,6,4,4,4,4,3,3,4,3","1,1,1,1,1,1,1,1,1,1,1,1,1,1,1,1,1,1,1,1,1,1,1,1,1,1,1,1,1,1,1,1"
Experiment B (Simulated 500Hz ADS1292R),Respiration (RESP),17,500.0,3000,802,73.27,True,"4,4,4,3,7,5,4,4,4,4,4,3,4,4,4,4,3,7,5,3,3,4,4,3,3,3,3,4,4,3,7,6","1,1,1,1,1,1,1,1,1,1,1,1,1,1,1,1,1,1,1,1,1,1,1,1,1,1,1,1,1,1,1,1"
Experiment B (Simulated 500Hz ADS1292R),Respiration (RESP),18,500.0,3000,781,73.97,True,"4,4,4,4,3,4,4,3,4,3,4,4,7,4,3,3,4,3,3,3,3,3,4,4,4,7,5,4,4,4,4,2","1,1,1,1,1,1,1,1,1,1,1,1,1,1,1,1,1,1,1,1,1,1,1,1,1,1,1,1,1,1,1,1"
Experiment B (Simulated 500Hz ADS1292R),Respiration (RESP),19,500.0,3000,786,73.8,True,"3,3,3,4,4,4,4,7,4,4,4,4,4,3,3,4,4,3,4,4,7,4,3,3,4,4,4,4,3,4,3,4","1,1,1,1,1,1,1,1,1,1,1,1,1,1,1,1,1,1,1,1,1,1,1,1,1,1,1,1,1,1,1,1"
Experiment B (Simulated 500Hz ADS1292R),Respiration (RESP),20,500.0,3000,814,72.87,True,"4,5,6,4,3,4,4,3,4,3,4,4,4,4,5,7,4,4,4,4,3,3,3,3,3,4,3,5,6,4,4,2","1,1,1,1,1,1,1,1,1,1,1,1,1,1,1,1,1,1,1,1,1,1,1,1,1,1,1,1,1,1,1,1"
Experiment B (Simulated 500Hz ADS1292R),Respiration (RESP),21,500.0,3000,792,73.6,True,"4,4,4,3,3,3,4,4,4,5,6,3,4,4,4,4,4,3,3,4,4,4,5,6,4,4,4,4,3,3,4,3","1,1,1,1,1,1,1,1,1,1,1,1,1,1,1,1,1,1,1,1,1,1,1,1,1,1,1,1,1,1,1,1"
Experiment B (Simulated 500Hz ADS1292R),Respiration (RESP),22,500.0,3000,809,73.03,True,"3,4,4,4,6,5,4,3,4,4,3,4,3,4,4,4,3,6,6,4,4,4,4,4,3,4,3,4,4,4,6,8","1,1,1,1,1,1,1,1,1,1,1,1,1,1,1,1,1,1,1,1,1,1,1,1,1,1,1,1,1,1,1,1"
Experiment B (Simulated 500Hz ADS1292R),Respiration (RESP),23,500.0,3000,796,73.47,True,"5,4,4,4,4,3,3,3,3,3,3,4,7,5,3,3,4,4,3,4,4,3,4,3,3,7,5,4,4,4,4,3","1,1,1,1,1,1,1,1,1,1,1,1,1,1,1,1,1,1,1,1,1,1,1,1,1,1,1,1,1,1,1,1"
Experiment B (Simulated 500Hz ADS1292R),Respiration (RESP),24,500.0,3000,788,73.73,True,"3,3,3,4,4,4,4,7,5,4,4,4,4,4,3,3,3,4,4,4,7,5,4,4,3,4,3,4,3,3,4,3","1,1,1,1,1,1,1,1,1,1,1,1,1,1,1,1,1,1,1,1,1,1,1,1,1,1,1,1,1,1,1,1"
Experiment B (Simulated 500Hz ADS1292R),Respiration (RESP),25,500.0,3000,804,73.2,True,"4,4,7,4,4,4,3,3,3,3,3,4,3,4,4,7,4,4,4,4,3,4,4,3,3,3,4,4,7,5,4,4","1,1,1,1,1,1,1,1,1,1,1,1,1,1,1,1,1,1,1,1,1,1,1,1,1,1,1,1,1,1,1,1"
Experiment B (Simulated 500Hz ADS1292R),Respiration (RESP),26,500.0,3000,786,73.8,True,"4,3,3,3,4,3,3,4,4,4,7,4,4,4,4,3,3,3,3,4,3,4,4,7,4,4,4,4,4,3,3,4","1,1,1,1,1,1,1,1,1,1,1,1,1,1,1,1,1,1,1,1,1,1,1,1,1,1,1,1,1,1,1,1"
Experiment B (Simulated 500Hz ADS1292R),Respiration (RESP),27,500.0,3000,792,73.6,True,"3,3,4,4,5,7,4,4,4,4,3,3,3,3,4,4,4,5,7,4,3,3,4,3,4,3,3,3,4,4,4,7","1,1,1,1,1,1,1,1,1,1,1,1,1,1,1,1,1,1,1,1,1,1,1,1,1,1,1,1,1,1,1,1"
Experiment B (Simulated 500Hz ADS1292R),Respiration (RESP),28,500.0,3000,811,72.97,True,"6,4,3,4,4,3,3,3,3,4,4,4,5,6,4,4,4,4,4,4,3,3,4,4,4,5,7,3,3,4,4,4","1,1,1,1,1,1,1,1,1,1,1,1,1,1,1,1,1,1,1,1,1,1,1,1,1,1,1,1,1,1,1,1"
Experiment B (Simulated 500Hz ADS1292R),Respiration (RESP),29,500.0,3000,799,73.37,True,"4,4,3,3,4,4,4,6,6,4,4,4,4,3,3,3,3,4,4,4,5,6,4,3,4,4,3,3,3,4,4,3","1,1,1,1,1,1,1,1,1,1,1,1,1,1,1,1,1,1,1,1,1,1,1,1,1,1,1,1,1,1,1,1"
Experiment B (Simulated 500Hz ADS1292R),Respiration (RESP),30,500.0,3000,821,72.63,True,"3,6,6,4,4,4,4,4,3,3,3,4,4,4,6,6,4,4,4,4,4,4,3,3,4,4,4,6,6,4,4,4","1,1,1,1,1,1,1,1,1,1,1,1,1,1,1,1,1,1,1,1,1,1,1,1,1,1,1,1,1,1,1,1"
Experiment B (Simulated 500Hz ADS1292R),Respiration (RESP),31,500.0,3000,791,73.63,True,"4,3,3,3,3,3,4,4,3,7,5,4,3,4,4,4,3,3,3,4,4,3,6,6,4,3,4,4,3,3,3,3","1,1,1,1,1,1,1,1,1,1,1,1,1,1,1,1,1,1,1,1,1,1,1,1,1,1,1,1,1,1,1,1"
Experiment B (Simulated 500Hz ADS1292R),Respiration (RESP),32,500.0,3000,810,73.0,True,"4,4,4,4,7,5,3,3,4,4,4,3,4,3,3,4,4,7,5,4,3,4,4,4,3,4,4,4,4,3,6,6","1,1,1,1,1,1,1,1,1,1,1,1,1,1,1,1,1,1,1,1,1,1,1,1,1,1,1,1,1,1,1,1"
Experiment B (Simulated 500Hz ADS1292R),Respiration (RESP),33,500.0,3000,797,73.43,True,"4,4,4,4,3,3,3,3,4,4,4,4,7,4,3,3,4,3,4,3,4,3,4,4,3,7,5,4,3,4,4,4","1,1,1,1,1,1,1,1,1,1,1,1,1,1,1,1,1,1,1,1,1,1,1,1,1,1,1,1,1,1,1,1"
Experiment B (Simulated 500Hz ADS1292R),Respiration (RESP),34,500.0,3000,777,74.1,True,"3,3,3,4,4,4,4,7,4,4,4,4,3,3,3,3,4,4,4,4,7,4,3,3,4,3,3,3,3,3,4,3","1,1,1,1,1,1,1,1,1,1,1,1,1,1,1,1,1,1,1,1,1,1,1,1,1,1,1,1,1,1,1,1"
Experiment B (Simulated 500Hz ADS1292R),Respiration (RESP),35,500.0,3000,807,73.1,True,"3,5,7,4,3,4,3,4,4,3,3,4,4,3,4,7,4,3,4,4,4,4,3,4,4,4,4,4,7,4,4,4","1,1,1,1,1,1,1,1,1,1,1,1,1,1,1,1,1,1,1,1,1,1,1,1,1,1,1,1,1,1,1,1"
Experiment B (Simulated 500Hz ADS1292R),Respiration (RESP),36,500.0,3000,792,73.6,True,"4,4,4,3,3,3,4,4,4,5,7,4,4,4,4,3,4,3,4,4,4,4,5,7,4,4,4,4,3,4,3,3","1,1,1,1,1,1,1,1,1,1,1,1,1,1,1,1,1,1,1,1,1,1,1,1,1,1,1,1,1,1,1,1"
Experiment B (Simulated 500Hz ADS1292R),Respiration (RESP),37,500.0,3000,801,73.3,True,"3,4,4,4,5,6,4,4,3,4,3,3,3,3,3,4,4,5,6,4,3,4,4,4,3,3,3,4,4,4,5,6","1,1,1,1,1,1,1,1,1,1,1,1,1,1,1,1,1,1,1,1,1,1,1,1,1,1,1,1,1,1,1,1"
Experiment B (Simulated 500Hz ADS1292R),Respiration (RESP),38,500.0,3000,809,73.03,True,"6,4,4,4,4,3,4,3,4,3,4,4,5,6,4,4,4,4,4,3,3,4,3,4,4,5,6,4,3,4,4,3","1,1,1,1,1,1,1,1,1,1,1,1,1,1,1,1,1,1,1,1,1,1,1,1,1,1,1,1,1,1,1,1"
Experiment B (Simulated 500Hz ADS1292R),Respiration (RESP),39,500.0,3000,795,73.5,True,"4,3,3,3,4,4,3,6,6,4,4,4,4,4,3,4,3,4,4,4,6,6,4,4,4,4,3,4,3,3,4,4","1,1,1,1,1,1,1,1,1,1,1,1,1,1,1,1,1,1,1,1,1,1,1,1,1,1,1,1,1,1,1,1"
Experiment B (Simulated 500Hz ADS1292R),Respiration (RESP),40,500.0,3000,812,72.93,True,"4,3,6,6,4,4,3,4,3,3,3,3,3,4,4,6,6,4,3,4,4,3,3,3,4,4,4,4,6,6,4,3","1,1,1,1,1,1,1,1,1,1,1,1,1,1,1,1,1,1,1,1,1,1,1,1,1,1,1,1,1,1,1,1"
Experiment B (Simulated 500Hz ADS1292R),Respiration (RESP),41,500.0,3000,792,73.6,True,"4,4,4,4,3,3,4,4,4,3,6,5,4,3,4,4,3,3,4,3,4,4,3,6,5,4,4,4,3,3,3,3","1,1,1,1,1,1,1,1,1,1,1,1,1,1,1,1,1,1,1,1,1,1,1,1,1,1,1,1,1,1,1,1"
Experiment B (Simulated 500Hz ADS1292R),Respiration (RESP),42,500.0,3000,789,73.7,True,"3,3,4,4,4,7,5,4,4,4,4,4,4,3,3,4,4,4,7,5,3,3,4,4,3,3,3,3,4,4,3,3","1,1,1,1,1,1,1,1,1,1,1,1,1,1,1,1,1,1,1,1,1,1,1,1,1,1,1,1,1,1,1,1"
Experiment B (Simulated 500Hz ADS1292R),Respiration (RESP),43,500.0,3000,806,73.13,True,"7,4,4,3,4,3,4,4,3,4,4,4,4,7,4,4,4,4,4,3,3,3,3,3,4,3,7,5,4,4,4,3","1,1,1,1,1,1,1,1,1,1,1,1,1,1,1,1,1,1,1,1,1,1,1,1,1,1,1,1,1,1,1,1"
Experiment B (Simulated 500Hz ADS1292R),Respiration (RESP),44,500.0,3000,785,73.83,True,"4,4,3,3,3,4,4,5,7,4,4,4,4,4,3,3,4,4,4,4,3,7,4,3,4,4,4,4,3,3,3,3","1,1,1,1,1,1,1,1,1,1,1,1,1,1,1,1,1,1,1,1,1,1,1,1,1,1,1,1,1,1,1,1"
Experiment B (Simulated 500Hz ADS1292R),Respiration (RESP),45,500.0,3000,807,73.1,True,"4,4,5,7,4,4,3,4,3,4,3,3,4,4,4,4,7,4,3,4,4,3,4,3,3,4,4,4,4,7,4,4","1,1,1,1,1,1,1,1,1,1,1,1,1,1,1,1,1,1,1,1,1,1,1,1,1,1,1,1,1,1,1,1"
Experiment B (Simulated 500Hz ADS1292R),Respiration (RESP),46,500.0,3000,792,73.6,True,"3,4,4,4,4,4,3,4,4,4,5,6,4,3,4,4,3,3,4,3,3,3,4,5,7,3,4,4,4,3,4,3","1,1,1,1,1,1,1,1,1,1,1,1,1,1,1,1,1,1,1,1,1,1,1,1,1,1,1,1,1,1,1,1"
Experiment B (Simulated 500Hz ADS1292R),Respiration (RESP),47,500.0,3000,795,73.5,True,"4,3,4,4,3,6,6,4,4,4,4,4,3,3,4,3,4,4,5,6,4,4,4,4,3,4,4,3,4,4,4,3","1,1,1,1,1,1,1,1,1,1,1,1,1,1,1,1,1,1,1,1,1,1,1,1,1,1,1,1,1,1,1,1"
Experiment B (Simulated 500Hz ADS1292R),Respiration (RESP),48,500.0,3000,821,72.63,True,"6,5,4,4,4,4,4,3,3,3,4,4,3,6,6,4,3,4,4,4,3,4,3,4,4,4,6,6,4,4,4,3","1,1,1,1,1,1,1,1,1,1,1,1,1,1,1,1,1,1,1,1,1,1,1,1,1,1,1,1,1,1,1,1"
Experiment B (Simulated 500Hz ADS1292R),Respiration (RESP),49,500.0,3000,795,73.5,True,"4,4,4,3,4,4,4,4,7,5,3,3,4,4,3,4,4,3,4,4,4,6,5,4,4,4,3,3,4,3,4,3","1,1,1,1,1,1,1,1,1,1,1,1,1,1,1,1,1,1,1,1,1,1,1,1,1,1,1,1,1,1,1,1"
Experiment B (Simulated 500Hz ADS1292R),Respiration (RESP),50,500.0,3000,805,73.17,True,"4,3,4,7,4,4,3,4,3,4,3,3,4,3,4,3,7,5,4,4,4,3,3,3,3,4,4,4,3,7,5,4","1,1,1,1,1,1,1,1,1,1,1,1,1,1,1,1,1,1,1,1,1,1,1,1,1,1,1,1,1,1,1,1"
Experiment B (Simulated 500Hz ADS1292R),Respiration (RESP),51,500.0,3000,785,73.83,True,"3,4,4,4,4,4,3,3,3,4,3,7,5,3,4,4,3,4,3,3,3,4,4,4,7,4,4,3,4,4,4,4","1,1,1,1,1,1,1,1,1,1,1,1,1,1,1,1,1,1,1,1,1,1,1,1,1,1,1,1,1,1,1,1"
Experiment B (Simulated 500Hz ADS1292R),Respiration (RESP),52,500.0,3000,789,73.7,True,"3,3,4,4,4,4,7,4,4,4,4,4,4,4,3,3,4,4,4,7,4,4,3,4,3,4,3,3,4,4,4,3","1,1,1,1,1,1,1,1,1,1,1,1,1,1,1,1,1,1,1,1,1,1,1,1,1,1,1,1,1,1,1,1"
Experiment B (Simulated 500Hz ADS1292R),Respiration (RESP),53,500.0,3000,802,73.27,True,"5,7,4,4,3,4,3,3,3,3,4,4,4,4,7,4,3,4,4,3,3,3,3,3,4,4,4,7,4,4,3,4","1,1,1,1,1,1,1,1,1,1,1,1,1,1,1,1,1,1,1,1,1,1,1,1,1,1,1,1,1,1,1,1"
Experiment B (Simulated 500Hz ADS1292R),Respiration (RESP),54,500.0,3000,786,73.8,True,"4,3,3,4,3,4,4,4,5,6,3,3,4,4,4,4,3,4,4,4,4,5,6,4,3,4,4,3,3,3,3,3","1,1,1,1,1,1,1,1,1,1,1,1,1,1,1,1,1,1,1,1,1,1,1,1,1,1,1,1,1,1,1,1"
Experiment B (Simulated 500Hz ADS1292R),Respiration (RESP),55,500.0,3000,816,72.8,True,"4,3,4,5,6,4,3,4,4,3,3,3,3,4,4,4,5,6,4,4,4,4,4,3,3,3,4,4,4,5,7,4","1,1,1,1,1,1,1,1,1,1,1,1,1,1,1,1,1,1,1,1,1,1,1,1,1,1,1,1,1,1,1,1"
Experiment B (Simulated 500Hz ADS1292R),Respiration (RESP),56,500.0,3000,799,73.37,True,"4,3,4,4,4,3,3,3,4,4,3,6,6,4,3,4,4,4,3,3,3,4,4,4,6,6,4,4,4,4,4,3","1,1,1,1,1,1,1,1,1,1,1,1,1,1,1,1,1,1,1,1,1,1,1,1,1,1,1,1,1,1,1,1"
Experiment B (Simulated 500Hz ADS1292R),Respiration (RESP),57,500.0,3000,786,73.8,True,"3,3,3,4,4,3,6,6,4,4,4,3,4,3,3,4,4,4,3,6,5,4,4,4,4,3,3,3,3,3,4,3","1,1,1,1,1,1,1,1,1,1,1,1,1,1,1,1,1,1,1,1,1,1,1,1,1,1,1,1,1,1,1,1"
Experiment B (Simulated 500Hz ADS1292R),Respiration (RESP),58,500.0,3000,811,72.97,True,"3,7,5,4,3,4,4,4,4,3,3,4,4,4,7,5,4,4,4,4,4,3,3,3,4,4,3,6,6,4,4,4","1,1,1,1,1,1,1,1,1,1,1,1,1,1,1,1,1,1,1,1,1,1,1,1,1,1,1,1,1,1,1,1"
Experiment B (Simulated 500Hz ADS1292R),Respiration (RESP),59,500.0,3000,793,73.57,True,"4,4,4,3,4,4,4,4,3,7,4,4,4,4,3,4,3,3,3,4,4,3,7,5,4,4,4,4,4,3,4,4","1,1,1,1,1,1,1,1,1,1,1,1,1,1,1,1,1,1,1,1,1,1,1,1,1,1,1,1,1,1,1,1"
Experiment B (Simulated 500Hz ADS1292R),Chest Lead (Vx-RL),0,500.0,3000,1339,55.37,True,"8,8,8,8,8,8,8,8,8,8,8,8,8,8,8,8,8,8,8,8,8,8,8,8,8,8,8,8,8,8,8,8","1,1,1,1,1,1,1,1,1,1,1,1,1,1,1,1,1,1,1,1,1,1,1,1,1,1,1,1,1,1,1,1"
Experiment B (Simulated 500Hz ADS1292R),Chest Lead (Vx-RL),1,500.0,3000,1330,55.67,True,"8,8,8,8,8,8,8,8,8,8,8,8,8,8,8,8,8,8,8,8,8,8,8,8,8,8,8,8,8,8,8,8","1,1,1,1,1,1,1,1,1,1,1,1,1,1,1,1,1,1,1,1,1,1,1,1,1,1,1,1,1,1,1,1"
Experiment B (Simulated 500Hz ADS1292R),Chest Lead (Vx-RL),2,500.0,3000,1327,55.77,True,"8,8,8,8,8,8,8,8,8,8,8,8,8,8,8,8,8,8,8,8,8,8,8,8,8,8,8,8,8,8,8,8","1,1,1,1,1,1,1,1,1,1,1,1,1,1,1,1,1,1,1,1,1,1,1,1,1,1,1,1,1,1,1,1"
Experiment B (Simulated 500Hz ADS1292R),Chest Lead (Vx-RL),3,500.0,3000,1333,55.57,True,"8,8,8,8,8,8,8,8,8,8,8,8,8,8,8,8,8,8,8,8,8,8,8,8,8,8,8,8,8,8,8,8","1,1,1,1,1,1,1,1,1,1,1,1,1,1,1,1,1,1,1,1,1,1,1,1,1,1,1,1,1,1,1,1"
Experiment B (Simulated 500Hz ADS1292R),Chest Lead (Vx-RL),4,500.0,3000,1333,55.57,True,"8,8,8,8,8,8,8,8,8,8,8,8,8,8,8,8,8,8,8,8,8,8,8,8,8,8,8,8,8,8,8,8","1,1,1,1,1,1,1,1,1,1,1,1,1,1,1,1,1,1,1,1,1,1,1,1,1,1,1,1,1,1,1,1"
Experiment B (Simulated 500Hz ADS1292R),Chest Lead (Vx-RL),5,500.0,3000,1330,55.67,True,"8,8,8,8,8,8,8,8,8,8,8,8,8,8,8,8,8,8,8,8,8,8,8,8,8,8,8,8,8,8,8,8","1,1,1,1,1,1,1,1,1,1,1,1,1,1,1,1,1,1,1,1,1,1,1,1,1,1,1,1,1,1,1,1"
Experiment B (Simulated 500Hz ADS1292R),Chest Lead (Vx-RL),6,500.0,3000,1329,55.7,True,"8,8,8,8,8,8,8,8,8,8,8,8,8,8,8,8,8,8,8,8,8,8,8,8,8,8,8,8,8,8,8,8","1,1,1,1,1,1,1,1,1,1,1,1,1,1,1,1,1,1,1,1,1,1,1,1,1,1,1,1,1,1,1,1"
Experiment B (Simulated 500Hz ADS1292R),Chest Lead (Vx-RL),7,500.0,3000,1328,55.73,True,"8,8,8,8,8,8,8,8,8,8,8,8,8,8,8,8,8,8,8,8,8,8,8,8,8,8,8,8,8,8,8,8","1,1,1,1,1,1,1,1,1,1,1,1,1,1,1,1,1,1,1,1,1,1,1,1,1,1,1,1,1,1,1,1"
Experiment B (Simulated 500Hz ADS1292R),Chest Lead (Vx-RL),8,500.0,3000,1328,55.73,True,"8,8,8,8,8,8,8,8,8,8,8,8,8,8,8,8,8,8,8,8,8,8,8,8,8,8,8,8,8,8,8,8","1,1,1,1,1,1,1,1,1,1,1,1,1,1,1,1,1,1,1,1,1,1,1,1,1,1,1,1,1,1,1,1"
Experiment B (Simulated 500Hz ADS1292R),Chest Lead (Vx-RL),9,500.0,3000,1327,55.77,True,"8,8,8,8,8,8,8,8,8,8,8,8,8,8,8,8,8,8,8,8,8,8,8,8,8,8,8,8,8,8,8,8","1,1,1,1,1,1,1,1,1,1,1,1,1,1,1,1,1,1,1,1,1,1,1,1,1,1,1,1,1,1,1,1"
Experiment B (Simulated 500Hz ADS1292R),Chest Lead (Vx-RL),10,500.0,3000,1325,55.83,True,"8,8,8,8,8,8,8,8,8,8,8,8,8,8,8,8,8,8,8,8,8,8,8,8,8,8,8,8,8,8,8,8","1,1,1,1,1,1,1,1,1,1,1,1,1,1,1,1,1,1,1,1,1,1,1,1,1,1,1,1,1,1,1,1"
Experiment B (Simulated 500Hz ADS1292R),Chest Lead (Vx-RL),11,500.0,3000,1326,55.8,True,"8,8,8,8,8,8,8,8,8,8,8,8,8,8,8,8,8,8,8,8,8,8,8,8,8,8,8,8,8,8,8,8","1,1,1,1,1,1,1,1,1,1,1,1,1,1,1,1,1,1,1,1,1,1,1,1,1,1,1,1,1,1,1,1"
Experiment B (Simulated 500Hz ADS1292R),Chest Lead (Vx-RL),12,500.0,3000,1326,55.8,True,"8,8,8,8,8,8,8,8,8,8,8,8,8,8,8,8,8,8,8,8,8,8,8,8,8,8,8,8,8,8,8,8","1,1,1,1,1,1,1,1,1,1,1,1,1,1,1,1,1,1,1,1,1,1,1,1,1,1,1,1,1,1,1,1"
Experiment B (Simulated 500Hz ADS1292R),Chest Lead (Vx-RL),13,500.0,3000,1328,55.73,True,"8,8,8,8,8,8,8,8,8,8,8,8,8,8,8,8,8,8,8,8,8,8,8,8,8,8,8,8,8,8,8,8","1,1,1,1,1,1,1,1,1,1,1,1,1,1,1,1,1,1,1,1,1,1,1,1,1,1,1,1,1,1,1,1"
Experiment B (Simulated 500Hz ADS1292R),Chest Lead (Vx-RL),14,500.0,3000,1331,55.63,True,"8,8,8,8,8,8,8,8,8,8,8,8,8,8,8,8,8,8,8,8,8,8,8,8,8,8,8,8,8,8,8,8","1,1,1,1,1,1,1,1,1,1,1,1,1,1,1,1,1,1,1,1,1,1,1,1,1,1,1,1,1,1,1,1"
Experiment B (Simulated 500Hz ADS1292R),Chest Lead (Vx-RL),15,500.0,3000,1329,55.7,True,"8,8,8,8,8,8,8,8,8,8,8,8,8,8,8,8,8,8,8,8,8,8,8,8,8,8,8,8,8,8,8,8","1,1,1,1,1,1,1,1,1,1,1,1,1,1,1,1,1,1,1,1,1,1,1,1,1,1,1,1,1,1,1,1"
Experiment B (Simulated 500Hz ADS1292R),Chest Lead (Vx-RL),16,500.0,3000,1324,55.87,True,"8,8,8,8,8,8,8,8,8,8,8,8,8,8,8,8,8,8,8,8,8,8,8,8,8,8,8,8,8,8,8,8","1,1,1,1,1,1,1,1,1,1,1,1,1,1,1,1,1,1,1,1,1,1,1,1,1,1,1,1,1,1,1,1"
Experiment B (Simulated 500Hz ADS1292R),Chest Lead (Vx-RL),17,500.0,3000,1330,55.67,True,"8,8,8,8,8,8,8,8,8,8,8,8,8,8,8,8,8,8,8,8,8,8,8,8,8,8,8,8,8,8,8,8","1,1,1,1,1,1,1,1,1,1,1,1,1,1,1,1,1,1,1,1,1,1,1,1,1,1,1,1,1,1,1,1"
Experiment B (Simulated 500Hz ADS1292R),Chest Lead (Vx-RL),18,500.0,3000,1327,55.77,True,"8,8,8,8,8,8,8,8,8,8,8,8,8,8,8,8,8,8,8,8,8,8,8,8,8,8,8,8,8,8,8,8","1,1,1,1,1,1,1,1,1,1,1,1,1,1,1,1,1,1,1,1,1,1,1,1,1,1,1,1,1,1,1,1"
Experiment B (Simulated 500Hz ADS1292R),Chest Lead (Vx-RL),19,500.0,3000,1330,55.67,True,"8,8,8,8,8,8,8,8,8,8,8,8,8,8,8,8,8,8,8,8,8,8,8,8,8,8,8,8,8,8,8,8","1,1,1,1,1,1,1,1,1,1,1,1,1,1,1,1,1,1,1,1,1,1,1,1,1,1,1,1,1,1,1,1"
Experiment B (Simulated 500Hz ADS1292R),Chest Lead (Vx-RL),20,500.0,3000,1330,55.67,True,"8,8,8,8,8,8,8,8,8,8,8,8,8,8,8,8,8,8,8,8,8,8,8,8,8,8,8,8,8,8,8,8","1,1,1,1,1,1,1,1,1,1,1,1,1,1,1,1,1,1,1,1,1,1,1,1,1,1,1,1,1,1,1,1"
Experiment B (Simulated 500Hz ADS1292R),Chest Lead (Vx-RL),21,500.0,3000,1327,55.77,True,"8,8,8,8,8,8,8,8,8,8,8,8,8,8,8,8,8,8,8,8,8,8,8,8,8,8,8,8,8,8,8,8","1,1,1,1,1,1,1,1,1,1,1,1,1,1,1,1,1,1,1,1,1,1,1,1,1,1,1,1,1,1,1,1"
Experiment B (Simulated 500Hz ADS1292R),Chest Lead (Vx-RL),22,500.0,3000,1327,55.77,True,"8,8,8,8,8,8,8,8,8,8,8,8,8,8,8,8,8,8,8,8,8,8,8,8,8,8,8,8,8,8,8,8","1,1,1,1,1,1,1,1,1,1,1,1,1,1,1,1,1,1,1,1,1,1,1,1,1,1,1,1,1,1,1,1"
Experiment B (Simulated 500Hz ADS1292R),Chest Lead (Vx-RL),23,500.0,3000,1328,55.73,True,"8,8,8,8,8,8,8,8,8,8,8,8,8,8,8,8,8,8,8,8,8,8,8,8,8,8,8,8,8,8,8,8","1,1,1,1,1,1,1,1,1,1,1,1,1,1,1,1,1,1,1,1,1,1,1,1,1,1,1,1,1,1,1,1"
Experiment B (Simulated 500Hz ADS1292R),Chest Lead (Vx-RL),24,500.0,3000,1326,55.8,True,"8,8,8,8,8,8,8,8,8,8,8,8,8,8,8,8,8,8,8,8,8,8,8,8,8,8,8,8,8,8,8,8","1,1,1,1,1,1,1,1,1,1,1,1,1,1,1,1,1,1,1,1,1,1,1,1,1,1,1,1,1,1,1,1"
Experiment B (Simulated 500Hz ADS1292R),Chest Lead (Vx-RL),25,500.0,3000,1326,55.8,True,"8,8,8,8,8,8,8,8,8,8,8,8,8,8,8,8,8,8,8,8,8,8,8,8,8,8,8,8,8,8,8,9","1,1,1,1,1,1,1,1,1,1,1,1,1,1,1,1,1,1,1,1,1,1,1,1,1,1,1,1,1,1,1,1"
Experiment B (Simulated 500Hz ADS1292R),Chest Lead (Vx-RL),26,500.0,3000,1329,55.7,True,"8,8,8,8,8,8,8,8,8,8,8,8,8,8,8,8,8,8,8,8,8,8,8,8,8,8,8,8,8,8,8,7","1,1,1,1,1,1,1,1,1,1,1,1,1,1,1,1,1,1,1,1,1,1,1,1,1,1,1,1,1,1,1,1"
Experiment B (Simulated 500Hz ADS1292R),Chest Lead (Vx-RL),27,500.0,3000,1328,55.73,True,"8,8,8,8,8,8,8,8,8,8,8,8,8,8,8,8,8,8,8,8,8,8,8,8,8,8,8,8,8,8,8,8","1,1,1,1,1,1,1,1,1,1,1,1,1,1,1,1,1,1,1,1,1,1,1,1,1,1,1,1,1,1,1,1"
Experiment B (Simulated 500Hz ADS1292R),Chest Lead (Vx-RL),28,500.0,3000,1326,55.8,True,"8,8,8,8,8,8,8,8,8,8,8,8,8,8,8,8,8,8,8,8,8,8,8,8,8,8,8,8,8,8,8,8","1,1,1,1,1,1,1,1,1,1,1,1,1,1,1,1,1,1,1,1,1,1,1,1,1,1,1,1,1,1,1,1"
Experiment B (Simulated 500Hz ADS1292R),Chest Lead (Vx-RL),29,500.0,3000,1329,55.7,True,"8,8,8,8,8,8,8,8,8,8,8,8,8,8,8,8,8,8,8,8,8,8,8,8,8,8,8,8,8,8,8,8","1,1,1,1,1,1,1,1,1,1,1,1,1,1,1,1,1,1,1,1,1,1,1,1,1,1,1,1,1,1,1,1"
Experiment B (Simulated 500Hz ADS1292R),Chest Lead (Vx-RL),30,500.0,3000,1327,55.77,True,"8,8,8,8,8,8,8,8,8,8,8,8,8,8,8,8,8,8,8,8,8,8,8,8,8,8,8,8,8,8,8,8","1,1,1,1,1,1,1,1,1,1,1,1,1,1,1,1,1,1,1,1,1,1,1,1,1,1,1,1,1,1,1,1"
Experiment B (Simulated 500Hz ADS1292R),Chest Lead (Vx-RL),31,500.0,3000,1325,55.83,True,"8,8,8,8,8,8,8,8,8,8,8,8,8,8,8,8,8,8,8,8,8,8,8,8,8,8,8,8,8,8,8,8","1,1,1,1,1,1,1,1,1,1,1,1,1,1,1,1,1,1,1,1,1,1,1,1,1,1,1,1,1,1,1,1"
Experiment B (Simulated 500Hz ADS1292R),Chest Lead (Vx-RL),32,500.0,3000,1327,55.77,True,"8,8,8,8,8,8,8,8,8,8,8,8,8,8,8,8,8,8,8,8,8,8,8,8,8,8,8,8,8,8,8,8","1,1,1,1,1,1,1,1,1,1,1,1,1,1,1,1,1,1,1,1,1,1,1,1,1,1,1,1,1,1,1,1"
Experiment B (Simulated 500Hz ADS1292R),Chest Lead (Vx-RL),33,500.0,3000,1299,56.7,True,"8,8,8,8,8,8,8,8,8,8,8,8,8,8,8,8,8,8,8,8,8,8,8,8,8,8,8,8,8,8,8,8","1,1,1,1,1,1,1,1,1,1,1,1,1,1,1,1,1,1,1,1,1,1,1,1,1,1,1,1,1,1,1,1"
Experiment B (Simulated 500Hz ADS1292R),Chest Lead (Vx-RL),34,500.0,3000,1346,55.13,True,"8,8,8,8,8,8,8,8,8,8,8,8,8,8,8,8,8,8,8,8,8,8,8,8,8,8,8,8,8,8,8,8","1,1,1,1,1,1,1,1,1,1,1,1,1,1,1,1,1,1,1,1,1,1,1,1,1,1,1,1,1,1,1,1"
Experiment B (Simulated 500Hz ADS1292R),Chest Lead (Vx-RL),35,500.0,3000,1358,54.73,True,"8,8,8,8,8,8,8,8,8,8,8,8,8,8,8,8,8,8,8,8,9,9,8,8,8,8,8,8,9,8,8,8","1,1,1,1,1,1,1,1,1,1,1,1,1,1,1,1,1,1,1,1,1,1,1,1,1,1,1,1,1,1,1,1"
Experiment B (Simulated 500Hz ADS1292R),Chest Lead (Vx-RL),36,500.0,3000,1347,55.1,True,"8,8,8,8,8,8,8,8,8,8,8,8,8,8,8,8,8,8,8,8,8,8,8,8,8,8,8,8,8,8,8,8","1,1,1,1,1,1,1,1,1,1,1,1,1,1,1,1,1,1,1,1,1,1,1,1,1,1,1,1,1,1,1,1"
Experiment B (Simulated 500Hz ADS1292R),Chest Lead (Vx-RL),37,500.0,3000,1352,54.93,True,"8,8,8,8,9,8,8,8,8,8,8,8,8,8,8,8,8,8,8,8,8,8,8,8,8,8,8,8,8,8,8,8","1,1,1,1,1,1,1,1,1,1,1,1,1,1,1,1,1,1,1,1,1,1,1,1,1,1,1,1,1,1,1,1"
Experiment B (Simulated 500Hz ADS1292R),Chest Lead (Vx-RL),38,500.0,3000,1353,54.9,True,"8,8,8,8,8,8,8,8,8,8,8,8,8,8,8,8,8,8,8,8,8,8,8,8,8,9,8,8,8,8,8,8","1,1,1,1,1,1,1,1,1,1,1,1,1,1,1,1,1,1,1,1,1,1,1,1,1,1,1,1,1,1,1,1"
Experiment B (Simulated 500Hz ADS1292R),Chest Lead (Vx-RL),39,500.0,3000,1345,55.17,True,"8,8,8,8,8,8,8,8,8,8,8,8,8,8,8,8,8,8,8,8,8,8,8,8,8,8,8,8,8,8,8,8","1,1,1,1,1,1,1,1,1,1,1,1,1,1,1,1,1,1,1,1,1,1,1,1,1,1,1,1,1,1,1,1"
Experiment B (Simulated 500Hz ADS1292R),Chest Lead (Vx-RL),40,500.0,3000,1348,55.07,True,"8,9,8,8,8,8,8,8,8,8,8,8,8,8,8,8,8,8,8,8,8,8,8,8,8,8,8,8,8,8,8,9","1,1,1,1,1,1,1,1,1,1,1,1,1,1,1,1,1,1,1,1,1,1,1,1,1,1,1,1,1,1,1,1"
Experiment B (Simulated 500Hz ADS1292R),Chest Lead (Vx-RL),41,500.0,3000,1342,55.27,True,"8,8,8,8,8,8,8,8,8,8,8,8,8,8,8,8,8,8,8,8,8,8,8,8,8,8,8,8,8,8,8,8","1,1,1,1,1,1,1,1,1,1,1,1,1,1,1,1,1,1,1,1,1,1,1,1,1,1,1,1,1,1,1,1"
Experiment B (Simulated 500Hz ADS1292R),Chest Lead (Vx-RL),42,500.0,3000,1328,55.73,True,"8,8,8,8,8,8,8,8,8,8,8,8,8,8,8,8,8,8,8,8,8,8,8,8,8,8,8,8,8,8,8,8","1,1,1,1,1,1,1,1,1,1,1,1,1,1,1,1,1,1,1,1,1,1,1,1,1,1,1,1,1,1,1,1"
Experiment B (Simulated 500Hz ADS1292R),Chest Lead (Vx-RL),43,500.0,3000,1332,55.6,True,"8,8,8,8,8,8,8,8,8,8,8,8,8,8,8,8,8,8,8,8,8,8,8,8,8,8,8,8,8,8,8,8","1,1,1,1,1,1,1,1,1,1,1,1,1,1,1,1,1,1,1,1,1,1,1,1,1,1,1,1,1,1,1,1"
Experiment B (Simulated 500Hz ADS1292R),Chest Lead (Vx-RL),44,500.0,3000,1331,55.63,True,"8,8,8,8,8,8,8,8,8,8,8,8,8,8,8,8,8,8,8,8,8,8,8,8,8,8,8,8,8,8,8,8","1,1,1,1,1,1,1,1,1,1,1,1,1,1,1,1,1,1,1,1,1,1,1,1,1,1,1,1,1,1,1,1"
Experiment B (Simulated 500Hz ADS1292R),Chest Lead (Vx-RL),45,500.0,3000,1329,55.7,True,"8,8,8,8,8,8,8,8,8,8,8,8,8,8,8,8,8,8,8,8,8,8,8,8,8,8,8,8,8,8,8,8","1,1,1,1,1,1,1,1,1,1,1,1,1,1,1,1,1,1,1,1,1,1,1,1,1,1,1,1,1,1,1,1"
Experiment B (Simulated 500Hz ADS1292R),Chest Lead (Vx-RL),46,500.0,3000,1329,55.7,True,"8,8,8,8,8,8,8,8,8,8,8,8,8,8,8,8,8,8,8,8,8,8,8,8,8,8,8,8,8,8,8,8","1,1,1,1,1,1,1,1,1,1,1,1,1,1,1,1,1,1,1,1,1,1,1,1,1,1,1,1,1,1,1,1"
Experiment B (Simulated 500Hz ADS1292R),Chest Lead (Vx-RL),47,500.0,3000,1328,55.73,True,"8,8,8,8,8,8,8,8,8,8,8,8,8,8,8,8,8,8,8,8,8,8,8,8,8,8,8,8,8,8,8,8","1,1,1,1,1,1,1,1,1,1,1,1,1,1,1,1,1,1,1,1,1,1,1,1,1,1,1,1,1,1,1,1"
Experiment B (Simulated 500Hz ADS1292R),Chest Lead (Vx-RL),48,500.0,3000,1329,55.7,True,"8,8,8,8,8,8,8,8,8,8,8,8,8,8,8,8,8,8,8,8,8,8,8,8,8,8,8,8,8,8,8,8","1,1,1,1,1,1,1,1,1,1,1,1,1,1,1,1,1,1,1,1,1,1,1,1,1,1,1,1,1,1,1,1"
Experiment B (Simulated 500Hz ADS1292R),Chest Lead (Vx-RL),49,500.0,3000,1330,55.67,True,"8,8,8,8,8,8,8,8,8,8,8,8,8,8,8,8,8,8,8,8,8,8,8,8,8,8,8,8,8,8,8,8","1,1,1,1,1,1,1,1,1,1,1,1,1,1,1,1,1,1,1,1,1,1,1,1,1,1,1,1,1,1,1,1"
Experiment B (Simulated 500Hz ADS1292R),Chest Lead (Vx-RL),50,500.0,3000,1332,55.6,True,"8,8,8,8,8,8,8,8,8,8,8,8,8,8,8,8,8,8,8,8,8,8,8,8,8,8,8,8,8,8,8,8","1,1,1,1,1,1,1,1,1,1,1,1,1,1,1,1,1,1,1,1,1,1,1,1,1,1,1,1,1,1,1,1"
Experiment B (Simulated 500Hz ADS1292R),Chest Lead (Vx-RL),51,500.0,3000,1331,55.63,True,"8,8,8,8,8,8,8,8,8,8,8,8,8,8,8,8,8,8,8,8,8,8,8,8,8,8,8,8,8,8,8,8","1,1,1,1,1,1,1,1,1,1,1,1,1,1,1,1,1,1,1,1,1,1,1,1,1,1,1,1,1,1,1,1"
Experiment B (Simulated 500Hz ADS1292R),Chest Lead (Vx-RL),52,500.0,3000,1328,55.73,True,"8,8,8,8,8,8,8,8,8,8,8,8,8,8,8,8,8,8,8,8,8,8,8,8,8,8,8,8,8,8,8,8","1,1,1,1,1,1,1,1,1,1,1,1,1,1,1,1,1,1,1,1,1,1,1,1,1,1,1,1,1,1,1,1"
Experiment B (Simulated 500Hz ADS1292R),Chest Lead (Vx-RL),53,500.0,3000,1331,55.63,True,"8,8,8,8,8,8,8,8,8,8,8,8,8,8,8,8,8,8,8,8,8,8,8,8,8,8,8,8,8,8,8,8","1,1,1,1,1,1,1,1,1,1,1,1,1,1,1,1,1,1,1,1,1,1,1,1,1,1,1,1,1,1,1,1"
Experiment B (Simulated 500Hz ADS1292R),Chest Lead (Vx-RL),54,500.0,3000,1329,55.7,True,"8,8,8,8,8,8,8,8,8,8,8,8,8,8,8,8,8,8,8,8,8,8,8,8,8,8,8,8,8,8,8,8","1,1,1,1,1,1,1,1,1,1,1,1,1,1,1,1,1,1,1,1,1,1,1,1,1,1,1,1,1,1,1,1"
Experiment B (Simulated 500Hz ADS1292R),Chest Lead (Vx-RL),55,500.0,3000,1328,55.73,True,"8,8,8,8,8,8,8,8,8,8,8,8,8,8,8,8,8,8,8,8,8,8,8,8,8,8,8,8,8,8,8,7","1,1,1,1,1,1,1,1,1,1,1,1,1,1,1,1,1,1,1,1,1,1,1,1,1,1,1,1,1,1,1,1"
Experiment B (Simulated 500Hz ADS1292R),Chest Lead (Vx-RL),56,500.0,3000,1328,55.73,True,"8,8,8,8,8,8,8,8,8,8,8,8,8,8,8,8,8,8,8,8,8,8,8,8,8,8,8,8,8,8,8,8","1,1,1,1,1,1,1,1,1,1,1,1,1,1,1,1,1,1,1,1,1,1,1,1,1,1,1,1,1,1,1,1"
Experiment B (Simulated 500Hz ADS1292R),Chest Lead (Vx-RL),57,500.0,3000,1328,55.73,True,"8,8,8,8,8,8,8,8,8,8,8,8,8,8,8,8,8,8,8,8,8,8,8,8,8,8,8,8,8,8,8,8","1,1,1,1,1,1,1,1,1,1,1,1,1,1,1,1,1,1,1,1,1,1,1,1,1,1,1,1,1,1,1,1"
Experiment B (Simulated 500Hz ADS1292R),Chest Lead (Vx-RL),58,500.0,3000,1325,55.83,True,"8,8,8,8,8,8,8,8,8,8,8,8,8,8,8,8,8,8,8,8,8,8,8,8,8,8,8,8,8,8,8,8","1,1,1,1,1,1,1,1,1,1,1,1,1,1,1,1,1,1,1,1,1,1,1,1,1,1,1,1,1,1,1,1"
Experiment B (Simulated 500Hz ADS1292R),Chest Lead (Vx-RL),59,500.0,3000,1326,55.8,True,"8,8,8,8,8,8,8,8,8,8,8,8,8,8,8,8,8,8,8,8,8,8,8,8,8,8,8,8,8,8,8,8","1,1,1,1,1,1,1,1,1,1,1,1,1,1,1,1,1,1,1,1,1,1,1,1,1,1,1,1,1,1,1,1"
